Start,End,Open,High,Low,Close,Volume,Market Cap
2024-02-14,2024-02-15,22.2124,24.1711,21.9658,23.4516,332444060.28571427,715433093.8013937
2024-02-13,2024-02-14,22.5603,23.0601,21.7611,22.2924,311952961.07665503,688167183.3902439
2024-02-12,2024-02-13,21.4938,23.1212,21.2817,22.5745,251661833.7839721,681238042.6271777
2024-02-11,2024-02-12,22.2747,22.6009,21.1719,21.3992,283810154.27874565,675069293.3728223
2024-02-10,2024-02-11,21.2118,23.2882,21.0705,22.1984,303414637.11149824,677553793.5749129
2024-02-09,2024-02-10,20.5227,21.7915,20.4646,21.1386,279487814.3414634,647699057.2160279
2024-02-08,2024-02-09,21.2699,22.0089,20.3452,20.4576,429421409.9825784,648900281.9372822
2024-02-07,2024-02-08,22.4247,23.9412,20.6634,21.3948,884995787.2404181,658873688.6620209
2024-02-06,2024-02-07,20.1237,22.8224,19.8236,22.411,915586167.1463414,670941263.8466899
2024-02-05,2024-02-06,17.8951,20.4362,17.5354,20.1652,285236664.27874565,576891059.8432056
2024-02-04,2024-02-05,17.396,18.7135,17.0485,17.9448,87207172.43554007,542893401.456446
2024-02-03,2024-02-04,17.7192,18.025,17.2517,17.3949,86363011.8815331,540315800.6550523
2024-02-02,2024-02-03,17.436,17.9885,17.3406,17.7901,112152984.22996515,542285965.2160279
2024-02-01,2024-02-02,17.8418,17.8995,17.1198,17.5267,184582673.2195122,537601625.369338
2024-01-31,2024-02-01,19.1054,19.1054,17.6306,17.8524,263262429.6968641,570017504.9407666
2024-01-30,2024-01-31,19.9113,20.4673,18.6906,19.1637,264019817.53658536,598204864.9686412
2024-01-29,2024-01-30,18.3952,20.0429,18.3344,19.8931,175620684.8989547,582378427.4425087
2024-01-28,2024-01-29,19.6662,20.1238,18.4444,18.4867,178245997.58885017,589125481.4216028
2024-01-27,2024-01-28,19.5128,19.9885,19.123,19.6228,307765906.0662021,599744100.8188154
2024-01-26,2024-01-27,17.8408,20.5514,17.7098,19.5914,472842628.5749129,600138162.825784
2024-01-25,2024-01-26,18.1865,18.5444,16.923,17.8829,392014583.5609756,546317994.1498258
2024-01-24,2024-01-25,16.589,18.5967,16.0848,18.348,281117036.60278744,518575991.4006969
2024-01-23,2024-01-24,17.4645,17.8574,15.6326,16.5986,280234480.26829267,512020426.0313589
2024-01-22,2024-01-23,18.5029,19.0707,17.2702,17.4244,255493635.1533101,552875371.0801394
2024-01-21,2024-01-22,18.9101,19.7575,18.445,18.445,195186340.2752613,583209320.7874564
2024-01-20,2024-01-21,19.7844,20.0785,18.3485,18.9364,287837448.80836236,584967523.0069686
2024-01-19,2024-01-20,21.2871,21.2871,18.4834,20.0085,403409609.66898954,607616306.0905924
2024-01-18,2024-01-19,21.9683,22.5227,20.8448,21.1566,334862313.4216028,665982666.0313588
2024-01-17,2024-01-18,23.49,24.5175,21.4863,21.9929,522177019.5644599,692575086.5818815
2024-01-16,2024-01-17,23.674,23.8419,21.6452,23.2838,468149609.11149824,692485687.5993031
2024-01-15,2024-01-16,23.873,25.5761,23.3756,23.5199,624958211.9616724,737811648.2020906
2024-01-14,2024-01-15,23.3951,27.3296,23.2307,23.6386,951173354.9547038,765960854.1393728
2024-01-13,2024-01-14,23.7694,24.6967,22.3426,23.2989,1466427457.825784,722104572.8815331
2024-01-12,2024-01-13,24.0252,26.2356,20.9649,23.6839,2134094458.3031359,717142807.4425087
2024-01-11,2024-01-12,17.6844,24.6657,17.5852,24.3137,1855188794.6341465,653428396.184669
2024-01-10,2024-01-11,13.1197,18.1036,13.1197,17.5867,535570960.5818815,468638511.27874565
2024-01-09,2024-01-10,13.568,14.3131,12.1665,13.0713,309909265.19860625,400764954.80487806
2024-01-08,2024-01-09,11.7964,14.2944,11.6179,13.5059,380732590.8989547,404461350.65156794
2024-01-07,2024-01-08,13.1313,13.4861,11.6307,11.7298,214369375.32752612,384195718.8850174
2024-01-06,2024-01-07,14.2803,14.5366,12.3692,13.0271,336072160.4982578,403657702.9547038
2024-01-05,2024-01-06,14.8918,15.3488,13.5324,14.177,729715330.7108014,430724935.184669
2024-01-04,2024-01-05,12.499,16.0309,11.9442,15.02,1256330665.317073,426770685.22996515
2024-01-03,2024-01-04,10.3176,14.6473,8.665000123058235,12.7034,381208741.27526134,341151085.39721256
2024-01-02,2024-01-03,10.2139,10.513,9.897272410749439,10.276,45970077.75609756,310530431.8501742
2024-01-01,2024-01-02,9.693142351989637,10.2272,9.481535785597496,10.2047,44236829.585365854,297629896.1324042
2023-12-31,2024-01-01,9.878598204248918,10.1033,9.607087221742422,9.669501266504271,44268428.05923345,300983487.33449477
2023-12-30,2023-12-31,9.871708843063846,10.2444,9.805518836765586,9.878061026010899,58701090.8641115,303340140.5261324
2023-12-29,2023-12-30,10.2071,10.5382,9.680699129194005,9.878438974500387,92334838.73519164,306642020.36585367
2023-12-28,2023-12-29,10.3697,10.8753,10.0633,10.1838,105143873,315622112.4634146
2023-12-27,2023-12-28,10.2656,10.5933,9.690733615788638,10.3523,144783060.90940768,310804449.5156794
2023-12-26,2023-12-27,9.829518668194146,10.8031,9.543002881409402,10.3157,151233815.31010452,308306852.74216026
2023-12-25,2023-12-26,9.351825452545217,10.1882,9.328894722694766,9.835813778341029,138188110.36236933,296289927.4181185
2023-12-24,2023-12-25,9.134356178776068,9.465468428282053,8.930033228336486,9.418266914478831,70154734.40069686,278253779.6236934
2023-12-23,2023-12-24,8.965400597544269,9.172482676338722,8.663462285489887,9.154002225512826,64394511.96515679,270949169.67247385
2023-12-22,2023-12-23,8.619241271684631,8.96470543755609,8.496478430232147,8.96470543755609,62256549.55052265,265927760.2160279
2023-12-21,2023-12-22,8.499079539000064,8.603487829143406,8.371230513832254,8.559505719887047,45116011.47038327,258160317.728223
2023-12-20,2023-12-21,8.175527003474933,8.640571411759847,8.131093610938127,8.512911287483016,43994262.51567944,255404048.6968641
2023-12-19,2023-12-20,8.334172748136565,8.469803743476778,8.105566399255125,8.15846931802928,49780043.00696864,252178712.63414633
2023-12-18,2023-12-19,8.595231943484839,8.689693499639494,7.913178843712838,8.323846132129104,57954877.36585366,250054814.9825784
2023-12-17,2023-12-18,8.849183566447236,8.869743850125241,8.547123879902374,8.607847657995013,50721440.31358885,264125003.38327527
2023-12-16,2023-12-17,8.525366255431516,8.902381389521844,8.396120869504928,8.790406881035864,47847438.97560976,265090052.5121951
2023-12-15,2023-12-16,9.048659962102416,9.051865730502705,8.466370559116285,8.490894658171305,41685813.86759582,266773745.96167248
2023-12-14,2023-12-15,8.877920038635093,9.128159807427254,8.746467171268979,9.041719965626042,47896993.02090593,272219197.5574913
2023-12-13,2023-12-14,8.837935753988157,8.95706040404697,8.274809338677763,8.875224562175873,52574073.15384615,260915904.8146853
2023-12-12,2023-12-13,8.809615963103253,9.040838604152318,8.620612667566794,8.837562854569839,56476647.70034843,268811362.4006969
2023-12-11,2023-12-12,9.707887735880602,9.729206813894272,8.575312535792843,8.790841439617807,76160883.5387324,270272876.4577465
2023-12-10,2023-12-11,9.651512656850365,10.0031,9.496057052080342,9.694457962232331,84991002.03135888,294924858.1498258
2023-12-09,2023-12-10,9.563657136860748,10.1445,9.533348984039405,9.63595412790049,69413465.66898955,295545892.83972126
2023-12-08,2023-12-09,9.410793374740273,9.590923317230565,9.246762584758251,9.560372029567043,72606250.3902439,286775094.70731705
2023-12-07,2023-12-08,8.999594744254198,9.813083084622294,8.8051073342167,9.39044479202982,59883667.33101045,278213745.8606272
2023-12-06,2023-12-07,9.092550588922768,9.240014933675932,8.84830725111694,8.981235743246627,60147981.30662021,274734320.29268295
2023-12-05,2023-12-06,9.170942600198401,9.36807122556844,8.913583650665553,9.094888684727515,67191482.32404181,275069323.5749129
2023-12-04,2023-12-05,8.796456513286289,9.295970175076958,8.780662602946336,9.218284341324528,70906924.71777004,273562303.70731705
2023-12-03,2023-12-04,8.98283109347325,9.081630344806046,8.729369172111147,8.837985997777304,52670217.10452962,268102787.68641114
2023-12-02,2023-12-03,8.575558223406222,9.042306553930851,8.570436695785277,8.97487139862917,43709590.96515679,266976595.62020907
2023-12-01,2023-12-02,8.427444620957376,8.635476846671455,8.355301459749478,8.564181628700736,42473901.08741259,258335309.06993008
2023-11-30,2023-12-01,8.508717863311096,8.926538353089565,8.377061867713886,8.40913188522148,47743909.791666664,256756654.35416666
2023-11-29,2023-11-30,8.581522146450956,8.632172659613541,8.374416106121075,8.508717863311096,34487854.565972224,257137104.3923611
2023-11-28,2023-11-29,8.411294683718554,8.622360188440897,8.15941196556138,8.581522146450956,34925613,254468710.26041666
2023-11-27,2023-11-28,8.657876826232721,8.774872331260056,8.167126501010543,8.411294683718554,33796353.28571428,253435635.11149827
2023-11-26,2023-11-27,8.736276550362058,8.76748563803895,8.393457054828756,8.664613672986144,33412480.150877193,259997606.33333334
2023-11-25,2023-11-26,8.497073987141794,8.918603540275907,8.497073987141794,8.727203152291205,36191162.18118467,264165008.4216028
2023-11-24,2023-11-25,8.399978907130095,8.619227418380689,8.341152542004924,8.516205297677525,28751840.770034842,255592424.9825784
2023-11-23,2023-11-24,8.423552130558468,8.584892090412747,8.319038677570669,8.403284649872036,31938851.14285714,254915339.456446
2023-11-22,2023-11-23,7.835599110780159,8.51929655541973,7.835599110780159,8.408695555079936,47530086.8815331,246445426.2195122
2023-11-21,2023-11-22,8.698144092331475,8.867091296947557,7.801347708604159,7.828983572451865,40686146.71777003,255818378.19512194
2023-11-20,2023-11-21,9.054969510412356,9.139530046052549,8.627631220828103,8.69565782230526,33471729.651567943,268653913.34843206
2023-11-19,2023-11-20,8.66927575788694,9.095046458522651,8.485051003810176,9.095046458522651,30600745.275261324,265820399.92682928
2023-11-18,2023-11-19,8.829855517404683,8.856518571556009,8.226459341727049,8.689100180457743,48334326.29268292,258561604.5296167
2023-11-17,2023-11-18,9.29076277066097,9.929937943619672,8.5281717865335,8.84222041364173,78681052.44599304,275295332.16376305
2023-11-16,2023-11-17,9.401547038634908,9.608366091145772,8.874993075956166,9.372319122957771,71496319.6271777,280478763.29268295
2023-11-15,2023-11-16,8.446702566210552,9.46445543732855,8.41215111036538,9.382950292438203,41895525.571428575,264702597.3205575
2023-11-14,2023-11-15,8.80120190580984,8.866566241929393,8.116644638180444,8.446113334073097,46793875.519163765,258842131.01045296
2023-11-13,2023-11-14,9.16939863015412,9.473928918220349,8.801244442586139,8.820684576797232,44884985.71777003,274707606.358885
2023-11-12,2023-11-13,9.133561077655528,9.388405594270752,8.780185349477565,9.187861416447237,44667798.32752613,274974194.0487805
2023-11-11,2023-11-12,8.87695287221576,9.400444842277523,8.6809395993997,9.094787229637639,69914258.04529616,274394153.20905924
2023-11-10,2023-11-11,8.711613918890718,9.175237222779609,8.588177708593047,8.878062294314436,140189895.88501742,266827018.64808363
2023-11-09,2023-11-10,8.518247435033157,8.895341413511215,8.012390321115541,8.68904219833102,45625974.780487806,257049895.4076655
2023-11-08,2023-11-09,8.494861290823687,8.571887482878177,8.336547213288847,8.55390057163686,33899839.56445993,254460874.68641114
2023-11-07,2023-11-08,8.77068694693057,8.794527918671392,8.236140579173501,8.477108151834917,39666963.44250871,258152930.543554
2023-11-06,2023-11-07,8.496712107076371,8.851072070218937,8.368926406945079,8.77783689996022,43477230.68641115,258311337.2160279
2023-11-05,2023-11-06,8.294535919845739,8.67197671759301,8.086651351506841,8.522539448546137,34190211.846689895,250176547.73519164
2023-11-04,2023-11-05,8.059180670494595,8.455097590175162,8.035859645454016,8.290796701952221,33040982.49477352,247633363.44947734
2023-11-03,2023-11-04,7.873113097314948,8.107229996974992,7.61217399994728,8.09223855276357,26080114.216027874,234261699.35888502
2023-11-02,2023-11-03,8.045238856772947,8.168790390051312,7.747767732095805,7.908051857765146,35334780.05923345,239995808.97212544
2023-11-01,2023-11-02,7.727386480678118,8.03806244351087,7.4331713580099255,7.989916709713946,26679325.592334494,230876040.90592334
2023-10-31,2023-11-01,7.993628361133497,8.112798676612456,7.593491370621413,7.744412026894728,27319930.88501742,236678706.8815331
2023-10-30,2023-10-31,7.788651416909898,8.06169159156576,7.754329549718352,8.000000420283714,23744705.554006968,237367579.6620209
2023-10-29,2023-10-30,7.690165959410397,7.888789466522322,7.574870214239557,7.772444354100801,17351501.400696862,232501298.71777004
2023-10-28,2023-10-29,7.477613214118463,7.737680419123472,7.477613214118463,7.692032098299189,18128704.818815332,229892512.86759582
2023-10-27,2023-10-28,7.71207066064998,7.71207066064998,7.386326683650887,7.510212913664982,24472839.463414636,227229023.60278746
2023-10-26,2023-10-27,7.720805102148549,8.027044366398176,7.493996948655962,7.704775662183704,28754359.445614036,232833280.5719298
2023-10-25,2023-10-26,7.767210049284369,7.882379060399465,7.564017100462687,7.7385739061523635,30977459.75261324,232106597.6759582
2023-10-24,2023-10-25,7.662908858819241,7.966179921080104,7.514840117851387,7.751360124924614,40989684.44947735,232400944.07665506
2023-10-23,2023-10-24,7.25031453584454,7.688945485627034,7.180818189687427,7.644515600971874,25065241.05923345,220992914.5261324
2023-10-22,2023-10-23,7.072285293394207,7.251282958528514,7.00644996909744,7.251282958528514,21828370.135888502,213632850.27874565
2023-10-21,2023-10-22,6.785000809858501,7.137176312453633,6.779390534728051,7.078797411298339,20208125.00348432,209077471.7804878
2023-10-20,2023-10-21,6.742576316080921,6.9983319551389815,6.693311377072459,6.787690133818662,18945441.135888502,205274140.63763067
2023-10-19,2023-10-20,6.762160777506681,6.833168350203621,6.6967828858973295,6.728413682013012,19228417.648083623,203405871.06271777
2023-10-18,2023-10-19,6.9491512874850905,6.965935700955411,6.76057126198409,6.76057126198409,15181192.933797909,206814781.7770035
2023-10-17,2023-10-18,7.139560212321632,7.185730099811247,6.904198763881683,6.9415298789613304,19245987.790940765,211311776.728223
2023-10-16,2023-10-17,7.031572349127384,7.2787302070897795,7.031572349127384,7.142222561468877,17405660.034843206,213916800.6759582
2023-10-15,2023-10-16,7.017462582082992,7.065274968730471,6.93413411198842,7.037740086414808,11419648.689045936,210732377.69964665
2023-10-14,2023-10-15,7.023503820385724,7.079418374859057,6.9568696144289115,7.014316680385808,13595760.12891986,210942766.4878049
2023-10-13,2023-10-14,6.838762146665428,7.087874309801125,6.814998331365284,7.021702269738912,21635293.226480838,209760451.46689895
2023-10-12,2023-10-13,7.126204987960046,7.126204987960046,6.824588486078347,6.824836091740118,18603732.616724737,210607419.3240418
2023-10-11,2023-10-12,7.189797272129971,7.219281763441303,7.056554842831132,7.1422346501671905,17012029.763066202,213763234.0139373
2023-10-10,2023-10-11,7.1541626174226325,7.234113122729228,7.114836284601638,7.185760808561595,21882734.529616725,215723287.66550523
2023-10-09,2023-10-10,7.59456684638814,7.653648069118386,7.032159438568592,7.155475181331205,20458696.299651567,219938792.08013937
2023-10-08,2023-10-09,7.502013719528419,7.664383259090145,7.490861702086525,7.58913946567676,15757258.146341464,226992242.3205575
2023-10-07,2023-10-08,7.689668114704948,7.758670040625492,7.4556550164545765,7.492768563823276,18943441.94076655,227047504.05574912
2023-10-06,2023-10-07,7.586459170571301,7.757972040257236,7.571250775621937,7.682075897298063,21300316.79442509,229103947.64808363
2023-10-05,2023-10-06,7.768638014113051,7.8485101135519715,7.59240294060974,7.59240294060974,21870667.547038328,230425036.5609756
2023-10-04,2023-10-05,7.717424916426986,7.805439943259333,7.53622738569097,7.779894880454808,27056410.972125437,229423512.51567945
2023-10-03,2023-10-04,7.8401661254026545,7.940890778606863,7.708718707168548,7.752507856972174,32635726.540069688,232636886.7317073
2023-10-02,2023-10-03,8.317378700443232,8.317378700443232,7.688972679114293,7.843618111182977,33766974.96515679,239944131.03832752
2023-10-01,2023-10-02,8.002724702191834,8.430177625966522,7.986771037035488,8.355486689833091,36627940.16376307,242923452.43205574
2023-09-30,2023-10-01,7.58153950136307,8.06746813129462,7.576250516707263,8.002581484709731,20109298.14634146,231323496.63066202
2023-09-29,2023-09-30,7.601334771883738,7.746680302993137,7.527948322990193,7.574991508234004,18655059.540069688,225977170.2229965
2023-09-28,2023-09-29,7.404263889240305,7.631058004656981,7.402043351830368,7.589146390970569,16537288.362369338,223016693.58536586
2023-09-27,2023-09-28,7.365860403021056,7.540996346073766,7.3464846382379,7.3942009684809005,12954674.06271777,219949012.14982578
2023-09-26,2023-09-27,7.387927326202621,7.410227485501639,7.2967610674782835,7.363463305656193,11335270.533101045,218566144.62369338
2023-09-25,2023-09-26,7.314746636366041,7.465448380761532,7.292284513290418,7.372733695274342,19496647.93379791,219727547.9303136
2023-09-24,2023-09-25,7.38053181768994,7.533390847813701,7.290452302488618,7.298154657674402,16803510.14285714,220429957.8292683
2023-09-23,2023-09-24,7.4804865459115035,7.5277268063484355,7.243864668294473,7.383848820081879,16483061.299651569,218848020.03832752
2023-09-22,2023-09-23,7.49811620629015,7.536176622442008,7.395278770474919,7.4638585106473165,16206595.783972126,221776778.5749129
2023-09-21,2023-09-22,7.58595668564271,7.685290591225649,7.393470903138676,7.498431982590698,17788231.05226481,223663957.9790941
2023-09-20,2023-09-21,7.675207277901693,7.737888895785115,7.472686618306232,7.595435308937898,15159999.655052265,225322013.7142857
2023-09-19,2023-09-20,7.572187318021602,7.741965480242699,7.544440708068994,7.670314250769717,16956723.557491288,227153842.90940768
2023-09-18,2023-09-19,7.39444348012148,7.6970115697417745,7.311186974924856,7.555179763148436,16709942.83916084,224090948.51398602
2023-09-17,2023-09-18,7.718543102847529,7.718543102847529,7.330609060198597,7.386777553738113,15134078.407665506,223951358.61672473
2023-09-16,2023-09-17,7.686227459452481,7.822268729720929,7.661017409662176,7.729190694587859,20672656.324041814,229728945.2857143
2023-09-15,2023-09-16,7.538772333666802,7.697662809093846,7.435964115086085,7.677582557438362,30821988.839721255,224713407.4703833
2023-09-14,2023-09-15,7.21960640564058,7.790232654699789,7.211152957533571,7.513426646214704,21041314.19860627,219556755.77351916
2023-09-13,2023-09-14,7.115328369566515,7.271314293005331,7.049916700669262,7.223494028514025,16889333.616724737,212780875.14634147
2023-09-12,2023-09-13,7.155043492668465,7.343576369496287,7.0990556729658305,7.108561067858042,19535817.344947737,214240557.3240418
2023-09-11,2023-09-12,7.454554357066432,7.4710038658084,7.017316513934851,7.151501901577141,16501498.505226482,215450419.55400696
2023-09-10,2023-09-11,7.715660069520335,7.715660069520335,7.356183781646311,7.441239652339946,17764659.400696862,222099543.31010452
2023-09-09,2023-09-10,7.631259670387019,7.736221714750055,7.620763885392786,7.719956161858888,15156533.289198605,227610731.58188152
2023-09-08,2023-09-09,7.758759587181358,7.800813688045305,7.548341124882532,7.628945238621727,21006537.11498258,226955474.17421603
2023-09-07,2023-09-08,7.52493280611896,7.761298138649566,7.372643996705933,7.750584477923094,21869470.299651567,222696235.3031359
2023-09-06,2023-09-07,7.727623653633842,7.75968215658603,7.5113809070600945,7.52752226415744,21399847.79790941,226083646.16376308
2023-09-05,2023-09-06,7.582546905854428,7.80440757705353,7.487287482500677,7.731213372795246,23875594.209059235,226997004.67247388
2023-09-04,2023-09-05,7.333943764556619,7.599062805388692,7.320144858437101,7.579811963130253,22828839.529616725,222144959.66550523
2023-09-03,2023-09-04,7.349136903051988,7.377062158715974,7.255377917579525,7.333593222769691,17282442.24738676,217479056.04529616
2023-09-02,2023-09-03,7.420701907815532,7.425857322234798,7.272936178941208,7.345932218258432,31543491.038327526,217989608.56794426
2023-09-01,2023-09-02,7.835267102687248,7.888158445382422,7.258973951358219,7.437999397404435,21827562.85365854,227744735.543554
2023-08-31,2023-09-01,8.043593593799429,8.134211154540353,7.794759262012172,7.824748441110855,17462484.67944251,236908125.13240418
2023-08-30,2023-08-31,8.26992971391082,8.27386607393028,8.021106855083135,8.050549453675242,24620076.637630664,240828006.10801393
2023-08-29,2023-08-30,8.05661121179682,8.314791348689468,7.835926823724036,8.238824000556901,19868619.219512194,238851435.9790941
2023-08-28,2023-08-29,8.004907136673461,8.055562179125323,7.86377014371888,8.038969541772028,16407356.578397213,235807371.09756097
2023-08-27,2023-08-28,7.9185355129373285,8.025319908703485,7.887990094311554,8.018495613995288,18147235.85365854,235403081.27874565
2023-08-26,2023-08-27,7.7699635200249,7.908732506928676,7.735518399081085,7.904132939614076,20318171.79790941,231795765.41463414
2023-08-25,2023-08-26,8.07885431101459,8.07885431101459,7.714517999555191,7.7699635200249,21498829.979094077,234543668.41811848
2023-08-24,2023-08-25,8.124108206475288,8.2005074594037,7.98351581169665,8.072946703186147,19939299.06271777,240092132.7108014
2023-08-23,2023-08-24,8.043488757154085,8.20681805821082,7.986554585645877,8.118511051444857,24168034.6271777,239410779.85365853
2023-08-22,2023-08-23,7.997210130378889,8.05681041254144,7.770328426392198,8.024703580613604,16761829.432055749,236291203.0522648
2023-08-21,2023-08-22,8.140318120195474,8.173290299853287,7.85000722952732,7.9864953179369245,15713007.013937281,237084025.5923345
2023-08-20,2023-08-21,8.099181384640032,8.19010898907427,8.071845635653965,8.141907816321957,15021820.052264808,240631972.3240418
2023-08-19,2023-08-20,8.015367453034136,8.175504778665497,7.955026312960936,8.076238790942677,21722467.48432056,237157793.5226481
2023-08-18,2023-08-19,7.955641690227953,8.173671513011007,7.942526505767509,8.017286189737481,43205714.400696866,230858202.37979093
2023-08-17,2023-08-18,8.241208742144133,8.42682697694019,7.172417189545052,7.95059078560543,27537950.731707316,236768988.35888502
2023-08-16,2023-08-17,8.555890106305263,8.617847993710102,8.104241348215165,8.26630277974624,24655498.331010453,242732960.3066202
2023-08-15,2023-08-16,9.012008615407993,9.016761315963139,8.331478424007722,8.571481353604266,17865806.48780488,253717401.8989547
2023-08-14,2023-08-15,8.996778603238837,9.11833574117822,8.96106828873268,9.018863845764523,16722578.407665506,259331876.19512194
2023-08-13,2023-08-14,9.014783151672766,9.080560467549063,8.926492777364752,8.996660473148285,15048198.989547038,259081249.05574912
2023-08-12,2023-08-13,8.936743089015092,9.05330845407442,8.929735854858748,9.007665499776317,23515141.533101045,258890385.27874565
2023-08-11,2023-08-12,9.181659729179472,9.207056944688375,8.884237634281222,8.945954803017118,19406285.57839721,260569697.43205574
2023-08-10,2023-08-11,9.162776121437142,9.251915756856206,9.130978717510628,9.181659729179472,18763437.864111498,263543234.5052265
2023-08-09,2023-08-10,9.302682516874379,9.302682516874379,9.051475924561954,9.168554730362548,22526549.470383275,263751353.94076654
2023-08-08,2023-08-09,9.146801309087413,9.407272634412212,9.069702827980413,9.30852112410598,25317469.606271777,265049737.64808363
2023-08-07,2023-08-08,8.99308976264941,9.173617294542751,8.903406717042673,9.1280878380876,22135683.56794425,260846185.29616725
2023-08-06,2023-08-07,8.913664133602632,9.107989339712086,8.90913538962504,8.965717685897953,24197659.17073171,258732442.5121951
2023-08-05,2023-08-06,8.745999100668518,8.927342771709226,8.725604009244334,8.920915594192111,33668620.45454545,254256078.85664335
2023-08-04,2023-08-05,8.964648488873546,8.964648488873546,8.630318296497942,8.733072999995494,39963374.97212543,252426334.95470384
2023-08-03,2023-08-04,9.442933104581597,9.4920766541999,8.988420558326204,9.000633264165401,38056935.31010453,266632676.2752613
2023-08-02,2023-08-03,9.867665195231416,9.924089223012217,9.453035182120866,9.467188978368288,40045871.98954704,279232765.1358885
2023-08-01,2023-08-02,9.547650110668423,9.864608849266228,9.359164017188318,9.864608849266228,31789877.75261324,276307616.5644599
2023-07-31,2023-08-01,9.496953790472316,9.711258809457126,9.43713172678855,9.567759792371625,22851189.440140843,274868181.9612676
2023-07-30,2023-07-31,9.529016681274939,9.582974565556535,9.226337933402718,9.497426173442234,16087024.06271777,272701503.4947735
2023-07-29,2023-07-30,9.392428890022952,9.545040318231308,9.3524384740193,9.535192893624677,16928943.383275263,271000395.554007
2023-07-28,2023-07-29,9.314246363170914,9.462920677406576,9.212270942381151,9.399967349612306,21039709.06271777,268838380.4320558
2023-07-27,2023-07-28,9.160814781994354,9.385746637146394,9.143429288477902,9.31238516730837,24247923.163763065,266624014.62020907
2023-07-26,2023-07-27,9.205055191394054,9.28172716175179,9.058345538243133,9.142483835366251,20959796.57142857,263219870.94076654
2023-07-25,2023-07-26,9.142789494184813,9.243434748274794,9.096218395987101,9.201887502424537,26010792.275261324,263247175.31707317
2023-07-24,2023-07-25,9.551962440482635,9.684763255440364,9.11399170042271,9.13981894932462,29675712.19860627,268359621.67247388
2023-07-23,2023-07-24,9.603974566133685,9.669132716390767,9.430992984273702,9.582717205412775,26098705.595818814,273968824.8919861
2023-07-22,2023-07-23,9.794379527092755,9.901180451925157,9.553990501558275,9.603800697418762,26093171.675958186,281189063.16027874
2023-07-21,2023-07-22,10.0063,10.139,9.728040257062423,9.796626276059062,32539112.06271777,284675285.5958188
2023-07-20,2023-07-21,9.73534380319489,10.0561,9.725987490134484,9.996159691102141,29541888.445993032,284092138.78397214
2023-07-19,2023-07-20,9.785816283969803,9.949406995964523,9.673571478997804,9.734371015995592,30325558.88501742,280436056.4076655
2023-07-18,2023-07-19,9.936563050438593,10.0489,9.679550175425883,9.785034984809872,37226578.1184669,281889579.8780488
2023-07-17,2023-07-18,9.675889166310618,10.0575,9.65620469378853,9.955959333904916,34016164.13240418,282888006.9268293
2023-07-16,2023-07-17,9.836645097376234,9.902121658032103,9.65896443385903,9.681366761178614,29291382.871080138,280710463.5958188
2023-07-15,2023-07-16,9.804914383439927,9.93262757846234,9.660166308415205,9.833767446550834,57064536.39372823,281083438.184669
2023-07-14,2023-07-15,10.0639,10.4309,9.54643530131418,9.808432782876855,66817392.90940767,284647960.25783974
2023-07-13,2023-07-14,9.765240260125331,10.1699,9.59036005980147,10.0434,50861521.28222997,282800548.8466899
2023-07-12,2023-07-13,9.368772928571495,9.721534232644919,9.357109623708212,9.721534232644919,34293615.58188153,272858626.77351916
2023-07-11,2023-07-12,9.24920392697445,9.427035875178692,9.184549879462374,9.343280146363927,38450545.02787457,266888015.9477352
2023-07-10,2023-07-11,9.08672917389166,9.513599673592958,8.89236715417924,9.249973987819342,30677478.473867595,263505870.7944251
2023-07-09,2023-07-10,9.21129823287366,9.290921528012483,9.073577158311368,9.106802771630251,23761579.777003486,262329098.5261324
2023-07-08,2023-07-09,9.285778080299323,9.414329031578236,9.074933166772045,9.200185823126462,39124446.233449474,264638956.64111498
2023-07-07,2023-07-08,8.949668059742942,9.36950576026179,8.866818332673862,9.259808344818854,82696307.90940766,262590744.9303136
2023-07-06,2023-07-07,8.798997188340588,9.494762366082698,8.705338379713817,9.072828421354133,43256819.59581882,259776809.14982578
2023-07-05,2023-07-06,9.218354476725876,9.239630561864898,8.692311247095002,8.818506421155728,27756487.951219514,257104286.18118468
2023-07-04,2023-07-05,9.334955660350596,9.465220032195605,9.102409002774456,9.19875211863944,32678395.411149826,267065284.42857143
2023-07-03,2023-07-04,9.35380207945891,9.51720869312755,9.290818668690296,9.340658380029673,32295632.43902439,268950205.77003485
2023-07-02,2023-07-03,9.458483493264808,9.458483493264808,9.12383322845197,9.351824329384135,26662596.240418117,265348252.54703832
2023-07-01,2023-07-02,9.268931849852539,9.44667131681013,9.133077522650497,9.444137253342559,52972445.540069684,266169164.815331
2023-06-30,2023-07-01,8.588408319929412,9.393142006469281,8.528345522489401,9.266138563475844,45491443.78397212,258333695.7595819
2023-06-29,2023-06-30,8.39500403355464,8.722503764377702,8.385321562067265,8.599105360052633,32172333.222996514,245175962.7317073
2023-06-28,2023-06-29,8.999358722189953,9.000316667176856,8.33805166068539,8.396942032210015,26978472.665505227,249272724.56445992
2023-06-27,2023-06-28,8.72804712472405,9.089802985252547,8.727536908551535,8.982563757738584,34139938.27526133,256051493.95470384
2023-06-26,2023-06-27,8.972940826100034,9.187456095893742,8.632360775331028,8.714578679906179,40814894.59581882,254277345.3554007
2023-06-25,2023-06-26,8.650771705377217,9.205248523071273,8.64444260810604,9.004439942829787,35985621.10452962,257056746.83275262
2023-06-24,2023-06-25,8.51096741099619,8.841404412190707,8.492553773132958,8.631273521557095,39850131.82926829,248077607.59930313
2023-06-23,2023-06-24,8.063573920009848,8.662769207529925,8.063573920009848,8.51219776762381,39496642.87108014,239033159.48432055
2023-06-22,2023-06-23,8.29328092863903,8.58747660053825,8.037016807627017,8.037016807627017,41838276.19512195,238563106.82578397
2023-06-21,2023-06-22,8.059235450946494,8.371841227178574,8.039754510127707,8.291796685761966,35192099.99303136,234443711.17770034
2023-06-20,2023-06-21,7.900992640172887,8.06051015622126,7.720847242926289,8.06051015622126,26738031.418118466,226578570.61324042
2023-06-19,2023-06-20,7.702448617483136,7.94123768861321,7.672067932885906,7.876283219351446,21114506.400696862,221732018.1707317
2023-06-18,2023-06-19,7.830703761893334,7.917482193194192,7.650187487962334,7.688142657592388,22434357.724738676,223180390.59930313
2023-06-17,2023-06-18,7.669368319740952,8.063022578308557,7.641681809716281,7.8373905109252116,36023331.08362369,225220409.41114983
2023-06-16,2023-06-17,7.301170258511582,7.744114458534824,7.254214667815415,7.66980619312852,36169744.780487806,214516241.34494773
2023-06-15,2023-06-16,7.289656311990076,7.427841476911781,7.061307463373226,7.316871609966789,34405219.65156794,206610195.99303135
2023-06-14,2023-06-15,7.576495753490602,7.6934733399493584,7.239771242321109,7.3045379571548406,27426454.452961672,215929805.1184669
2023-06-13,2023-06-14,7.643420030898725,7.713513900327956,7.493213442878324,7.565384022952535,32136194.48083624,217610758.60278746
2023-06-12,2023-06-13,7.400430342636535,7.686965551982614,7.27742528936619,7.659236799508769,33387705.37630662,215645992.32752612
2023-06-11,2023-06-12,7.68484842530149,7.718084496315102,7.346986683963677,7.403318766163076,51858752.43205575,214815916.0522648
2023-06-10,2023-06-11,9.017436404823355,9.017712683748721,7.07370598223083,7.706780106374341,57924273.4020979,216832177.13986015
2023-06-09,2023-06-10,9.002690991133562,9.177125263030627,8.92995970426997,9.021636855562296,25050544.397212543,257733935.456446
2023-06-08,2023-06-09,9.033811732263858,9.158309952571793,8.914694971654228,9.005021741867697,29409618.57142857,258239683.85365853
2023-06-07,2023-06-08,9.493940872976165,9.506774861963393,9.00366311851132,9.055003171404163,30692755.759581883,264873872.5749129
2023-06-06,2023-06-07,9.325048745075138,9.579556901375037,9.115309689486072,9.511368155417175,43957253.99651568,266470226.9790941
2023-06-05,2023-06-06,10.0799,10.1136,8.971999594477383,9.334094391786316,26458666.979094077,277256489.6480836
2023-06-04,2023-06-05,10.0744,10.2259,9.98104121975435,10.1088,18433988.390243903,289494224.5505226
2023-06-03,2023-06-04,10.1976,10.1976,10.0165,10.0759,18895215,288980470.1881533
2023-06-02,2023-06-03,9.982706241337839,10.2527,9.879292109206022,10.1963,23458036.787456445,290066255.7804878
2023-06-01,2023-06-02,9.985864678954453,10.1537,9.827110527126278,9.99492494369329,27280688.073170733,286339807.6167247
2023-05-31,2023-06-01,10.4339,10.4892,9.916477540484745,10.0061,34331077.682926826,288254844.4634146
2023-05-30,2023-05-31,10.59,10.649,10.3623,10.4473,25971901.031358887,300605761.4425087
2023-05-29,2023-05-30,10.7173,10.762,10.5182,10.5913,24363755.51567944,303722397.0069686
2023-05-28,2023-05-29,10.4669,10.8065,10.4253,10.7304,23013564.354166668,301729847.9444444
2023-05-27,2023-05-28,10.3717,10.5772,10.3507,10.471,36139821.479166664,298418632.8229167
2023-05-26,2023-05-27,9.930791304388283,10.5193,9.838858028890105,10.371,28422182.77972028,289268610.548951
2023-05-25,2023-05-26,9.891727135446807,10.0173,9.626190221509342,9.924126737189095,27799972.09122807,281658865.31929827
2023-05-24,2023-05-25,10.3735,10.3735,9.782931500114438,9.891727135446807,24561358.895833332,286103788.7291667
2023-05-23,2023-05-24,10.1232,10.3838,10.078,10.3751,18815505.142361112,293448595.6319444
2023-05-22,2023-05-23,10.0268,10.1706,9.910315888253965,10.1232,26617710.166666668,287589017.0902778
2023-05-21,2023-05-22,10.4899,10.4899,9.984130763967464,10.0268,21772653.138888888,292993371.4201389
2023-05-20,2023-05-21,10.4276,10.4698,10.3419,10.4682,19329629.232638888,296896904.0173611
2023-05-19,2023-05-20,10.3163,10.4748,10.2474,10.4487,25332502.798611112,295440240.4895833
2023-05-18,2023-05-19,10.6588,10.6693,10.1205,10.3167,31246817.392361112,298604158.3229167
2023-05-17,2023-05-18,10.6064,10.8281,10.2857,10.655,25282857.010416668,301640295.0277778
2023-05-16,2023-05-17,10.4954,10.6339,10.3843,10.6041,24249011.96875,300405136.7083333
2023-05-15,2023-05-16,10.4406,10.6355,10.3384,10.5166,24472125.249122806,300828877.02807015
2023-05-14,2023-05-15,10.2743,10.4914,10.1461,10.4358,20090496.934027776,292496406.6458333
2023-05-13,2023-05-14,10.4441,10.4591,10.2137,10.2784,29575371.798611112,292473450.5
2023-05-12,2023-05-13,10.2217,10.4441,9.883748784418735,10.4441,35125399.3125,287600335.8576389
2023-05-11,2023-05-12,10.6577,10.6577,10.0267,10.2426,40548800.76736111,292799500.8715278
2023-05-10,2023-05-11,10.38,10.6988,10.1552,10.6577,32460305.201388888,296263953.4722222
2023-05-09,2023-05-10,10.4413,10.557,10.2884,10.3796,39697591.35191637,295084504.5958188
2023-05-08,2023-05-09,11.0612,11.1402,10.0466,10.4413,43131934.302083336,299009276.7881944
2023-05-07,2023-05-08,11.2519,11.3123,11.0358,11.0358,35027787.41319445,317952916.1319444
2023-05-06,2023-05-07,12.0416,12.1343,11.0821,11.3047,43463609.458333336,325828750.8784722
2023-05-05,2023-05-06,11.928,12.2068,11.7499,12.052,29897256.815972224,339557483.2291667
2023-05-04,2023-05-05,11.9925,12.0537,11.8108,11.928,39264310.29513889,338384416.1736111
2023-05-03,2023-05-04,11.8097,11.9925,11.4089,11.9925,29619045.796296295,330104175.05185187
2023-05-02,2023-05-03,11.6425,11.8588,11.5218,11.8088,29976602.756944444,330654485.4791667
2023-05-01,2023-05-02,12.0065,12.0546,11.4547,11.6425,34881772.00694445,332354481.5868056
2023-04-30,2023-05-01,12.3421,12.3876,11.9961,12.0616,25943731.611111112,346467259.8298611
2023-04-29,2023-04-30,12.2767,12.4924,12.2149,12.3145,34838613.8125,349981265.5243056
2023-04-28,2023-04-29,12.1891,12.2945,12.0178,12.2767,36385661.08680555,344290025.3645833
2023-04-27,2023-04-28,11.8962,12.2932,11.8719,12.1891,73749374.73867595,342657508.5958188
2023-04-26,2023-04-27,12.1683,12.7561,11.3989,11.8962,58913525.46875,346195042.8194444
2023-04-25,2023-04-26,12.0882,12.2507,11.6562,12.1752,41299251.222222224,328571007.0868056
2023-04-24,2023-04-25,12.0428,12.1893,11.8447,12.0882,39115663.42361111,243911925.0763889
2023-04-23,2023-04-24,12.2785,12.2785,11.8095,12.0428,42390466.097222224,244758139.1909722
2023-04-22,2023-04-23,11.9778,12.3073,11.7169,12.2909,75550343.77430555,244367933.5347222
2023-04-21,2023-04-22,12.9547,13.0436,11.9289,11.9289,56116472.072916664,256417879.2465278
2023-04-20,2023-04-21,13.2459,13.4082,12.7003,12.9547,76647258.3923611,265445667.69791666
2023-04-19,2023-04-20,14.4797,14.4797,13.0906,13.2459,75623955.03819445,276643220.4201389
2023-04-18,2023-04-19,14.15,14.7366,14.0233,14.4797,64168193.20486111,291047685.7361111
2023-04-17,2023-04-18,14.64992429549612,14.656345849234315,13.968681932135977,14.1217,101005214.52329417,286526498.2221658
2023-04-16,2023-04-17,13.958427794813296,15.313491501145469,13.804847751805887,14.647689324521592,108541805.31071913,295030895.77733654
2023-04-15,2023-04-16,14.0231,14.102664285443735,13.83223421372646,13.958427794813296,64990194.89871987,282511052.2005325
2023-04-14,2023-04-15,13.7102,14.3926,13.6533,14.0272,88652309.14979757,284676448.73510987
2023-04-13,2023-04-14,13.4429,13.7305,13.2746,13.7102,66918169.72413793,273823304.19355303
2023-04-12,2023-04-13,13.2311,13.4699,12.7389,13.4699,57030877.57676349,265866184.23812184
2023-04-11,2023-04-12,13.2479,13.336,13.1043,13.2221,45027595.606694564,267726791.1920938
2023-04-10,2023-04-11,12.8774,13.2494,12.8129,13.2199,31106923.959016394,262529611.63316655
2023-04-09,2023-04-10,12.8831,12.9786,12.6128,12.8902,28668973.584541064,259329107.1576312
2023-04-08,2023-04-09,13.0322,13.0888,12.8169,12.9092,33577962.78571428,262723615.73856995
2023-04-07,2023-04-08,13.1985,13.2081,12.8435,13.0602,38371882.190476194,263793163.37273195
2023-04-06,2023-04-07,13.3978,13.3978,13.0505,13.1985,58542292.4,267717182.2708086
2023-04-05,2023-04-06,13.4747,13.8218,13.1914,13.3978,61291935.981481485,273395492.1766505
2023-04-04,2023-04-05,13.085,13.557,13.0167,13.4747,51450807.60683761,269438240.7145554
2023-04-03,2023-04-04,13.2308,13.3518,12.7883,13.0936,41271641.23478261,265608364.5476268
2023-04-02,2023-04-03,13.5632,13.6497,13.0593,13.2308,33756513.22362869,271028925.5446451
2023-04-01,2023-04-02,13.468587847254724,13.597697705666311,13.3066,13.5632,38079703.68965517,272229730.0841642
2023-03-31,2023-04-01,13.294968611622226,13.5556,13.165158010520367,13.470161782455383,43871179.91452991,270862598.1890398
2023-03-30,2023-03-31,13.6092,13.769,13.1466,13.294968611622226,54683196.27350427,270198938.18032897
2023-03-29,2023-03-30,13.0663,13.5818,13.0548,13.5795,58378282.76635514,271341727.408556
2023-03-28,2023-03-29,12.6792,13.262,12.5728,13.0943,64177993.88333333,260013600.52340382
2023-03-27,2023-03-28,13.2492,13.2835,12.3704,12.6792,50498803.11304348,261227078.21722242
2023-03-26,2023-03-27,13.1292,13.3728,13.0616,13.277,45668718.28571428,267853548.29684857
2023-03-25,2023-03-26,13.383967775764308,13.4908,12.8951,13.1292,57696836.4,267467210.7434385
2023-03-24,2023-03-25,13.9762,14.0581,13.2126,13.383967775764308,72050293.41078839,275164986.7941472
2023-03-23,2023-03-24,13.56915904361518,14.116306639464382,13.52909019354716,13.9958,102429022.82857142,279476189.7581667
2023-03-22,2023-03-23,14.203155493213018,14.3245,13.2368,13.585,105712958.14285715,282407630.9551998
2023-03-21,2023-03-22,13.6248,14.3372,13.3467,14.219480682778618,98149270.73684211,280921916.7827937
2023-03-20,2023-03-21,14.4532,14.7221,13.5447,13.583,108863409.24381626,284752371.78891486
2023-03-19,2023-03-20,14.2080295511666,14.8084,14.079,14.4492,99499574.15849057,292364271.4087461
2023-03-18,2023-03-19,14.7606,15.109147826692956,14.139836313400732,14.172833909038626,163621050.2777778,297020044.9335898
2023-03-17,2023-03-18,13.6107,14.821021341307972,13.3678,14.771,246461875.2222222,289454787.7934322
2023-03-16,2023-03-17,12.609843576503092,14.0319,12.3467,13.6169,156703116.20905924,263672592.3359306
2023-03-15,2023-03-16,13.9356,14.2137,12.269765711250177,12.584637642957853,160918496.8888889,270177154.4841883
2023-03-14,2023-03-15,13.2123,14.5193,12.8408,13.9187,179524329.52112675,273532585.8636495
2023-03-13,2023-03-14,13.0894,13.560446576488049,12.4272,13.170989755448945,119657917.91821562,265472337.93915862
2023-03-12,2023-03-13,12.1672,13.0889,11.9537,13.0889,66981007.03937008,248471867.27397826
2023-03-11,2023-03-12,12.4433,12.7429,11.603,12.1672,84529528.16,244542093.99997658
2023-03-10,2023-03-11,12.1532,12.4995,11.5669,12.4181,100752873.08424908,246871547.84170017
2023-03-09,2023-03-10,12.8056,13.2881,11.9544,12.1025,69322436.64,260241912.80282533
2023-03-08,2023-03-09,13.8787,13.8897,12.691,12.8319,62679158.60728745,270433653.5855712
2023-03-07,2023-03-08,13.8376,14.2083,13.4245,13.8787,55420119.8649789,280312574.16131544
2023-03-06,2023-03-07,13.8159,14.0592,13.5487,13.8376,58223277.87719298,279285046.2929387
2023-03-05,2023-03-06,14.0187,14.229809735567283,13.7686,13.8159,65507398.25327511,283633594.3811448
2023-03-04,2023-03-05,14.2375,14.3428,13.6391,13.99068042182943,77173529.04489796,283807437.3786336
2023-03-03,2023-03-04,15.6139,15.6139,14.012,14.238563421905218,95123653.91634981,291488278.0763152
2023-03-02,2023-03-03,16.1049,16.2011,15.233,15.6333,69388798.46774194,315197269.8310432
2023-03-01,2023-03-02,15.2004,16.1855,15.2004,16.0952,77968812.7871486,320991407.3518917
2023-02-28,2023-03-01,16.3561,16.4224,15.0748,15.2033,83109155.41501977,320865031.93680775
2023-02-27,2023-02-28,16.3705,16.7631,15.9142,16.3561,77933989.92941177,328745681.7124362
2023-02-26,2023-02-27,15.0687,16.3924,14.9316,16.3548,67762223.07172996,317985290.6885818
2023-02-25,2023-02-26,15.747,15.747,14.5163,15.0687,79774358,307872484.709224
2023-02-24,2023-02-25,16.3744,16.8288,15.53011757704522,15.7664,79147094.85714285,329003582.6507956
2023-02-23,2023-02-24,16.2848,16.7652,16.0502,16.3744,90663771.41960785,332943841.05456096
2023-02-22,2023-02-23,16.4824,16.4824,15.641554379049198,16.264,119284415.8888889,324494532.21251976
2023-02-21,2023-02-22,17.688514897322364,17.7583,16.1405,16.4745,161154312.5,340371831.36996585
2023-02-20,2023-02-21,16.5074,17.9668,16.5074,17.6641,273003406.8888889,354101696.9240773
2023-02-19,2023-02-20,16.129,16.898763104537835,15.658633305681755,16.5052,126435996.37894736,328737098.5126025
2023-02-18,2023-02-19,15.3762,16.4134,15.2107,16.129,82259389.3553719,318289134.6493417
2023-02-17,2023-02-18,14.5078,15.6989,14.5078,15.4073,114049649.29963899,304544767.8917485
2023-02-16,2023-02-17,15.4196,16.33314893281444,14.4535,14.4535,112570816.84981684,317267847.896568
2023-02-15,2023-02-16,14.4605,15.4246,14.3109,15.4015,77691703.75221239,297577142.30633205
2023-02-14,2023-02-15,13.906,14.5447,13.6156,14.481804393814537,76884674.12658228,283268684.8690557
2023-02-13,2023-02-14,14.1498,14.234,13.35584952004086,13.9367,82746118.71161048,279222034.2708527
2023-02-12,2023-02-13,14.4179,14.629844472181233,13.9059,14.1164,57029121.70135747,290856728.6254905
2023-02-11,2023-02-12,13.9523,14.5104,13.8272,14.4166,65707263.60344828,286104053.5710046
2023-02-10,2023-02-11,14.015661216612283,14.1497,13.6904,13.9523,111771025.31428571,282697835.84466314
2023-02-09,2023-02-10,15.3673,15.4713,13.803011919155399,14.00833606888212,115862575.85865724,301056162.86604196
2023-02-08,2023-02-09,16.0552,16.1852,15.2115,15.3663,117177698.47686833,319901363.5167282
2023-02-07,2023-02-08,14.832,16.112531076361357,14.7897,16.0775,102771381.99233717,313652065.1767033
2023-02-06,2023-02-07,15.2786,15.4097,14.7316,14.8506,84051108.82819383,306541679.0556386
2023-02-05,2023-02-06,15.9821,16.1419,14.9866,15.2762,71803014.48333333,316279297.95570934
2023-02-04,2023-02-05,16.56,16.8447,15.9533,15.9533,104949222.53731343,329032716.58188987
2023-02-03,2023-02-04,16.2262,16.577,15.7535,16.5437,123916717.19444445,326252607.809551
2023-02-02,2023-02-03,16.3185,17.31641083280812,16.2483,16.249,159630732.66666666,339250731.01589304
2023-02-01,2023-02-02,15.9175,16.3461,14.9836,16.3191,130827746.6388889,319610090.09596586
2023-01-31,2023-02-01,16.2331,16.4605,15.7463,15.9628,157987496.7777778,323043765.59093595
2023-01-30,2023-01-31,16.1035,16.3129,14.978246143578842,16.3129,107885913.992674,314982725.30266345
2023-01-29,2023-01-30,15.9423,16.4265,15.6293,16.1035,89011389.71428572,326528462.3062268
2023-01-28,2023-01-29,16.7843,16.9205,15.8674,15.9423,164696401.76173285,331734479.04988307
2023-01-27,2023-01-28,15.2771,16.9326,14.867698379241936,16.7746,197429288.33333334,321901420.3515475
2023-01-26,2023-01-27,14.912713366134742,15.4707,14.8621,15.2508,164339455.94444445,306503171.33182096
2023-01-25,2023-01-26,13.876531035659257,15.0181,13.5051,14.8986,120429785.72222222,284462593.6895893
2023-01-24,2023-01-25,14.8549,15.1657,13.7486,13.861957213389163,126112451.1111111,299954851.3257373
2023-01-23,2023-01-24,14.5358,15.3036,14.5358,14.8879,132656302.91666667,302494095.3511193
2023-01-22,2023-01-23,14.6287,15.1812,14.1111,14.5478,112293981.66666667,296535610.3329903
2023-01-21,2023-01-22,15.1785,15.457167554674278,14.6012,14.6237,111316507.52,304839664.6040676
2023-01-20,2023-01-21,14.0696,15.1626,13.9795,15.1626,69837497.46875,290395346.0832135
2023-01-19,2023-01-20,13.540912580477519,14.0712,13.404489875452787,14.0399,103783800.71428572,278114818.2499352
2023-01-18,2023-01-19,14.15330467891481,14.7074,13.333427801414972,13.548079664617426,105581141.71863118,286012472.9420697
2023-01-17,2023-01-18,14.855915992321854,14.855915992321854,14.177968015877727,14.192045166378126,153984436.69444445,295657906.9635899
2023-01-16,2023-01-17,14.040454889062119,15.2316,13.7741,14.84652597567883,120167611.48432055,290417515.01490426
2023-01-15,2023-01-16,13.9437,14.2904,13.3162,14.0275457149114,118291727.37142856,279641147.76149315
2023-01-14,2023-01-15,13.37376197361461,14.399791497623877,13.37376197361461,13.9501,151621520.1388889,279677162.2378156
2023-01-13,2023-01-14,12.6897,13.405553597720846,12.6046,13.34688430068731,102071644.401487,262816258.6861581
2023-01-12,2023-01-13,12.5322,12.8333,12.0688,12.6897,81461334.09885931,252588774.57845345
2023-01-11,2023-01-12,12.3212,12.5873,11.7516,12.5322,52073332.49586777,245932244.10928825
2023-01-10,2023-01-11,12.1739,12.4573,11.9032,12.3212,68086584.94117647,247657548.41174075
2023-01-09,2023-01-10,12.0541,12.7814,12.0541,12.1739,66037609.12,250240823.57662737
2023-01-08,2023-01-09,11.59199378797186,12.0239,11.3741,11.9932,32681027.60669456,235004542.8640481
2023-01-07,2023-01-08,11.548579590911602,11.6096,11.3768,11.59199378797186,40157016.415254235,232814569.8738229
2023-01-06,2023-01-07,11.2751,11.5725,11.0266,11.548579590911602,47854041.43209877,227329498.8115418
2023-01-05,2023-01-06,11.7381,11.8528,11.2524,11.2751,42121202.66101695,233519036.81132653
2023-01-04,2023-01-05,11.2274,11.8962,11.1809,11.7219,43555830.315789476,235576638.2601233
2023-01-03,2023-01-04,11.267,11.3992,11.0725,11.2274,36988925.067961164,227596369.48351583
2023-01-02,2023-01-03,10.9152,11.3696,10.7284,11.2441,32586577.114893615,224620901.56393796
2023-01-01,2023-01-02,10.7686,10.8923,10.6639,10.8923,25396710.98578199,217433667.2851764
2022-12-31,2023-01-01,10.687879797683351,10.9034,10.5056,10.7913,30349407.691588785,217343700.2002858
2022-12-30,2022-12-31,10.8443,10.8443,10.5468,10.695978286949872,38297274.37931035,216415047.43204182
2022-12-29,2022-12-30,11.0079,11.107334683640188,10.5907,10.822,35500476.875,220657991.79262564
2022-12-28,2022-12-29,11.2165,11.25346372349165,10.7893,11.0079,32249570.092664093,222178197.4007966
2022-12-27,2022-12-28,11.336688151981738,11.4367,11.0997,11.2165,29441369.112195123,228279766.2085314
2022-12-26,2022-12-27,11.0753,11.3528,11.0381,11.336688151981738,31507813.525581397,226885314.6731401
2022-12-25,2022-12-26,10.9386,11.1116,10.7781,11.076,23963815.136752136,221597662.9410838
2022-12-24,2022-12-25,10.9287,11.0195,10.7726,10.9386,25844595.42995169,220447055.38774592
2022-12-23,2022-12-24,11.1528,11.2913,10.9144,10.9303,32164216.825,224145770.48439083
2022-12-22,2022-12-23,11.276559516472553,11.3713,10.8031,11.1528,27468255.475409836,226291004.71934265
2022-12-21,2022-12-22,11.4249,11.4249,11.1269,11.2537,30357399.094650205,228170874.0011725
2022-12-20,2022-12-21,10.8273,11.428,10.8273,11.4012,46356851.58506224,228328140.38507727
2022-12-19,2022-12-20,11.5884,11.7666,10.5693,10.8044,28477018.79757085,232620044.6679715
2022-12-18,2022-12-19,11.6831,11.8079,11.4919,11.6352,33108311.174468085,235689417.4617354
2022-12-17,2022-12-18,11.518,11.7623,11.1119,11.6878,65901843.748953976,232475491.87992814
2022-12-16,2022-12-17,12.89334857886943,13.1367,11.417182225342437,11.518,43900391.225296445,252860616.74688312
2022-12-15,2022-12-16,13.3182,13.360600441380026,12.8378,12.900339444681084,41152294.733333334,263215822.33837825
2022-12-14,2022-12-15,13.359398793970149,13.6065,13.2698,13.3182,48225043.48717949,271790557.1636844
2022-12-13,2022-12-14,13.3343,13.7433,12.9362,13.359398793970149,44232542.14754099,269356104.5305736
2022-12-12,2022-12-13,13.3996,13.3996,12.8319,13.3343,40320260.18565401,264831893.23094904
2022-12-11,2022-12-12,13.7581,13.8714,13.3716,13.3953,26312084.47863248,277298023.3843066
2022-12-10,2022-12-11,13.548919258494864,13.8583,13.5305,13.7362,35499887.64035088,277762077.95382565
2022-12-09,2022-12-10,13.6738,13.9094,13.496,13.548919258494864,43190486.68468469,276986706.1555296
2022-12-08,2022-12-09,13.3077,13.7026,13.2403,13.6738,41862096.834645666,272349398.3444071
2022-12-07,2022-12-08,13.6913,13.8393,13.216,13.3077,58883591.93333333,272031220.69882506
2022-12-06,2022-12-07,13.9534,14.1319,13.4704,13.6861,51437957.81673307,279654541.75504416
2022-12-05,2022-12-06,14.1059,14.6248,13.7674,13.9534,65576660.793248944,287307753.7990393
2022-12-04,2022-12-05,13.9106,14.2346,13.8697,14.0754,39195091.561403506,283674514.49859744
2022-12-03,2022-12-04,14.1275,14.2707,13.8767,13.9153,38910481.051724136,284679812.99722177
2022-12-02,2022-12-03,14.0548,14.1275,13.7186,14.1275,49505825.61344538,282120050.07953155
2022-12-01,2022-12-02,14.1639,14.2519,13.8136,14.0548,75415932.74193548,284079942.5586526
2022-11-30,2022-12-01,13.4601,14.3011,13.4601,14.1639,78218995.67479675,281510708.2073168
2022-11-29,2022-11-30,12.9327,13.6632,12.7883,13.4601,69387800.55737706,271136309.9123623
2022-11-28,2022-11-29,13.2818,13.5271,12.552927394259145,12.9493,117357139.00350878,260924958.29697442
2022-11-27,2022-11-28,13.0228,13.9182,12.9485,13.22256956726507,48353676.5106383,269660682.2112951
2022-11-26,2022-11-27,13.0468,13.3606,12.8664,13.0228,39538533.39271255,266193938.88513327
2022-11-25,2022-11-26,13.2518,13.2518,12.801601878558863,13.0468,55243019.68965517,263255730.26664636
2022-11-24,2022-11-25,13.3538,13.4985,13.0033,13.2254,86065987.73770492,267502903.19895932
2022-11-23,2022-11-24,12.2643,13.3595,12.2638,13.3538,78408721.78461538,262072544.10546505
2022-11-22,2022-11-23,12.0213,12.3931,11.68,12.2623,68904398.21343873,243824933.62750497
2022-11-21,2022-11-22,12.1462,12.3305,11.6074,12.0181,72428903.45816733,242622130.21957812
2022-11-20,2022-11-21,13.4082,13.4082,12.0988,12.1485,71677830.00809717,259991688.93074387
2022-11-19,2022-11-20,13.0499,13.5638,12.888,13.3579,59025049.70940171,266485613.772548
2022-11-18,2022-11-19,12.767211057904634,13.1623,12.6723,13.0499,59669057.13537118,262046698.9005049
2022-11-17,2022-11-18,12.6879,12.9658,12.4282,12.767211057904634,69473646.8984375,257177633.91114613
2022-11-16,2022-11-17,13.1703,13.4574,12.5951,12.6879,87877872.70119523,263051910.34279358
2022-11-15,2022-11-16,12.919812703254395,13.697646248141224,12.694014329211479,13.1703,126970087.41258742,265791142.38575003
2022-11-14,2022-11-15,12.210210579020977,13.310949607896122,11.5884,12.904166005269019,135010928.3888889,255474010.53495252
2022-11-13,2022-11-14,12.1785,12.759,11.924,12.229486598820104,100849751.68904594,248482387.29174972
2022-11-12,2022-11-13,12.5284,12.5304,11.537008443671239,12.1785,107939848.88571429,245930683.8061098
2022-11-11,2022-11-12,13.0186,13.4427,11.874223622664122,12.5317,159455350.69444445,254293521.1226827
2022-11-10,2022-11-11,10.452254324703977,13.196853264627489,10.329705892454259,13.03976769270131,202881450.6111111,240776119.44864023
2022-11-09,2022-11-10,13.433218266113192,13.523569956314766,10.0877,10.389132697967119,237688632.1111111,247165364.14283726
2022-11-08,2022-11-09,16.2362,16.37344975516117,12.1202,13.386336642883652,189376478.83333334,302476662.0463941
2022-11-07,2022-11-08,16.4298,16.6962,15.997,16.2541,154577366.2222222,331386397.00296044
2022-11-06,2022-11-07,17.9657,18.3814,16.376,16.4068,148223851.05555555,353824135.6288235
2022-11-05,2022-11-06,17.8888,18.296390551655467,17.499341387002346,17.9758,163310058.16666666,361355270.4615348
2022-11-04,2022-11-05,16.617866429005048,17.8967,16.42669619506728,17.8967,166416594,347364830.4477512
2022-11-03,2022-11-04,16.126126943531897,17.52949408531374,16.126126943531897,16.603121686309247,212432882.1111111,342448665.78518504
2022-11-02,2022-11-03,16.2234,16.6736,15.541821959972118,16.09878134598509,153918505.1111111,324819680.440522
2022-11-01,2022-11-02,16.981228062621064,17.15700339863574,16.0483,16.1273,108072303.38909091,337714129.2190459
2022-10-31,2022-11-01,17.3002,17.4401,16.7113,17.0157678492795,126297014.72222222,345161544.0615559
2022-10-30,2022-10-31,17.728325104775895,18.3091,16.91111868264469,17.2826,187930969,355157912.5808388
2022-10-29,2022-10-30,17.140038932157328,19.069925656633636,16.9816,17.728483376735475,193009090.1111111,361356875.00801235
2022-10-28,2022-10-29,17.23784768545835,17.421145387225373,16.5114,17.1836,150141188.6111111,344687688.974971
2022-10-27,2022-10-28,18.065675654791693,18.482662239090725,17.1756,17.27811377213523,168625156.6111111,361364297.68750423
2022-10-26,2022-10-27,17.537403481221606,18.672711972069543,17.400819751112603,18.069564667533445,194717112.8888889,367344182.00744903
2022-10-25,2022-10-26,16.9645,17.9503,16.674068728094646,17.565712419543107,141708668.4722222,347681973.6668961
2022-10-24,2022-10-25,17.1246,17.568889359619728,16.7233,16.9583,155437348.16666666,347381309.4812591
2022-10-23,2022-10-24,16.729,17.17469328822811,16.2221,17.1452,111342784.20071685,336267673.1407443
2022-10-22,2022-10-23,16.9763,17.3089,16.4502168755155,16.724725882668846,150413486.91666666,341134995.06964123
2022-10-21,2022-10-22,17.323,17.323,16.4327,16.9646,215259136.94444445,342639919.28235793
2022-10-20,2022-10-21,18.6226,18.7411,17.2242,17.3314,160993977.05555555,368124070.11302716
2022-10-19,2022-10-20,19.0842,19.1278,18.3705,18.6163,197856654,378474261.24857485
2022-10-18,2022-10-19,19.335,19.335,18.6389,19.1231,258650426.6111111,385039699.395536
2022-10-17,2022-10-18,19.793244389112918,19.973208705768435,18.888897826557415,19.3657,290090260.1666667,392313027.72141105
2022-10-16,2022-10-17,19.5269,20.064994940873834,19.1256645094562,19.772498913023988,263840952.3066202,396740856.83792573
2022-10-15,2022-10-16,19.6932,19.867660342902354,18.899599552325004,19.546,448505011.7777778,392736582.5325072
2022-10-14,2022-10-15,19.39847318154885,20.256,19.1092,19.6302,779736474.6666666,398868978.4980139
2022-10-13,2022-10-14,17.126790080932526,19.872669007239384,16.083789584261314,19.42433134422862,362412773.0731707,355894925.121015
2022-10-12,2022-10-13,16.6362,17.3978,16.4102,17.121569720398924,192212206.71777004,343363125.4305966
2022-10-11,2022-10-12,16.133788700373785,16.9603,15.96395100625892,16.6401,212925145.55555555,334273119.84186244
2022-10-10,2022-10-11,18.0485,18.0485,16.14560216841942,16.148801275069548,211291018.09059232,348276625.8309375
2022-10-09,2022-10-10,17.6958,18.1212,17.06428552547262,18.0937,188621732.1111111,353684393.4714529
2022-10-08,2022-10-09,17.289271643503536,17.687518999036623,16.901,17.607,196306972.7108014,350242227.86682934
2022-10-07,2022-10-08,17.1766,17.67655349436054,16.798423069020085,17.232604901005075,245613493.35191637,347413765.6139448
2022-10-06,2022-10-07,17.4864,17.7711,17.00279210489732,17.228144696699072,343794737.6666667,351263728.72981143
2022-10-05,2022-10-06,16.105,17.4912,15.4897,17.4912,178220208.6111111,329335375.4548876
2022-10-04,2022-10-05,15.6159,16.3806,15.2258,16.1093,147364400.7777778,320432789.9693633
2022-10-03,2022-10-04,14.2134,15.6612,14.1104,15.6143,104228125.18007663,303017094.0472471
2022-10-02,2022-10-03,14.9341,15.1942,14.1731,14.2127,103751189.97833934,299013341.5440189
2022-10-01,2022-10-02,16.069159309346563,16.069159309346563,14.7405,14.9206,160530252.4631579,310914032.03145254
2022-09-30,2022-10-01,15.712527348676579,16.489724472672282,15.250255630074838,16.088383247009826,203340881.7222222,317416501.94277734
2022-09-29,2022-09-30,15.843691720584596,16.2592,15.1705,15.738552340618043,256151942.83333334,317635413.95039886
2022-09-28,2022-09-29,15.344916432558826,16.39402814318308,14.173735818243399,15.805757552705522,207485838.4390244,309269544.01609427
2022-09-27,2022-09-28,14.8348,15.7759,14.64609509525636,15.296593003450404,187946980.6111111,310330960.99448645
2022-09-26,2022-09-27,13.7987,14.964722667547427,13.5889,14.8399,110182407.73134328,289473466.6581034
2022-09-25,2022-09-26,13.633,14.4574,13.5505,13.7987,70130398.33463036,282363236.1807957
2022-09-24,2022-09-25,13.99224390124172,14.2424,13.5275,13.6278,79771135.78210117,281815572.5165457
2022-09-23,2022-09-24,13.91892288402343,14.4077,13.3596,13.960299025082197,105711616.87017544,282573963.28633606
2022-09-22,2022-09-23,13.480487371134704,14.2265,13.426315749401144,13.925920784725186,136331652.83333334,279267946.489018
2022-09-21,2022-09-22,13.4135,14.35333982918838,13.194132391936304,13.504168833332844,109673479.69473684,275374212.9271563
2022-09-20,2022-09-21,13.672214094015962,13.8648,13.169483305838428,13.4375,150831506.5574913,274561919.07603186
2022-09-19,2022-09-20,12.805910976541112,13.855205975614975,12.459475089546348,13.718204979721955,147306392.58333334,266276899.91248253
2022-09-18,2022-09-19,14.540572217475807,14.5525,12.6393,12.76762730087974,92115142.828125,282121003.041512
2022-09-17,2022-09-18,14.51856156821026,14.777528111366074,13.86893074630907,14.5157429093867,159544143.5277778,289176478.1255147
2022-09-16,2022-09-17,14.1962,15.1901,14.0109,14.490536321380231,214897356.94444445,296006102.2244384
2022-09-15,2022-09-16,14.662216728113576,14.67978327216497,13.8204,14.1845,190324523,289969374.1490997
2022-09-14,2022-09-15,14.524654250416594,15.26064501459284,14.100639381837006,14.724488208248996,197549563.05555555,296708633.55140924
2022-09-13,2022-09-14,15.095,15.095,14.02269681398847,14.539462130924491,127688028.4477612,296802129.429326
2022-09-12,2022-09-13,15.724217399865266,15.907671426548523,14.64236681488367,15.095,109013084.90592335,309519136.7880711
2022-09-11,2022-09-12,15.5657,16.2095,15.1501,15.791990567424827,93754872.09056604,314386566.89531714
2022-09-10,2022-09-11,15.48696425655392,16.1366,15.093134583334283,15.5582,113466236,312767157.75870436
2022-09-09,2022-09-10,15.7079,16.3918,15.312483790147516,15.458254841148436,120706627.69444445,318905174.13276106
2022-09-08,2022-09-09,14.789603050990689,15.934989179682397,14.5127,15.698,99646979.099631,306496912.78622687
2022-09-07,2022-09-08,14.202480516974887,15.192230456237152,13.216773871027804,14.7881032858199,135055599.63763067,278923421.435994
2022-09-06,2022-09-07,14.5421,15.3685,14.0144,14.278107799254192,119449283.86594203,294174485.135134
2022-09-05,2022-09-06,13.7,14.8096,13.1681,14.5735,45770003.674418606,277683585.70469856
2022-09-04,2022-09-05,14.0288,14.0288,13.4556,13.7,44044171.894273125,276508326.3694064
2022-09-03,2022-09-04,13.7789,14.1199,13.5573,14.0306,61530670.46666667,280347714.627233
2022-09-02,2022-09-03,13.4264,14.0627,13.0724,13.7485,70221804.58039215,273390081.2165263
2022-09-01,2022-09-02,12.4703,13.4784,12.4693,13.4264,73430548.3607843,263171247.69522542
2022-08-31,2022-09-01,12.1747,12.7742,12.1747,12.4446,48375922.63333333,254221919.8005379
2022-08-30,2022-08-31,12.5958,12.7488,11.7945,12.1748,49730288.56431536,250192377.74363095
2022-08-29,2022-08-30,11.2722,12.6279,11.236,12.5958,47573105.47520661,240460728.26173025
2022-08-28,2022-08-29,11.9293,12.1202,11.2919,11.2955,38184189.720338985,240716478.1281228
2022-08-27,2022-08-28,12.2204,12.3379,11.6915,11.9293,60432633.15662651,244598441.35917565
2022-08-26,2022-08-27,13.5975,13.6099,12.0655,12.1634,62279323.74501992,262067246.23968956
2022-08-25,2022-08-26,13.8246,14.1587,13.3966,13.5975,67869996.03137255,279012369.12623197
2022-08-24,2022-08-25,13.6004,14.4463,13.125541459814288,13.8246,63203529.53992395,276982470.95378697
2022-08-23,2022-08-24,13.6703,13.8545,12.8345,13.6004,68512085.43137255,272583043.1924353
2022-08-22,2022-08-23,13.2072,13.6712,12.4485,13.6712,53164840.015151516,263324120.85485342
2022-08-21,2022-08-22,12.67566333107644,13.4699,12.5798,13.2425,65102938.96525097,263603006.3067183
2022-08-20,2022-08-21,12.838924594856932,13.39474374103892,12.1719,12.67566333107644,97312143.73722628,261766627.50490615
2022-08-19,2022-08-20,14.1273,14.1545,12.3471,12.762060507604088,113377866.55438596,262906856.32457602
2022-08-18,2022-08-19,15.716567872044504,16.09940271424841,13.9528,14.1273,120459105.27659574,303964245.91183585
2022-08-17,2022-08-18,15.002618874011024,15.981646552824907,14.774217149750523,15.721327253496034,108775906.2614841,312329990.1442132
2022-08-16,2022-08-17,15.0507,15.4653,14.545716180971825,15.014124975584862,102429904.50174215,305445189.77450585
2022-08-15,2022-08-16,14.5429,15.1062,14.1665,14.989,73465764.69803922,295034809.2596371
2022-08-14,2022-08-15,15.3464,15.9181,14.3422,14.5334,59099321.56595745,307226306.0177343
2022-08-13,2022-08-14,15.9876,16.1265,15.3153,15.3464,68705775.09243697,317292063.937285
2022-08-12,2022-08-13,15.5953,15.9864,15.2965,15.9864,71465376.18410042,317828619.75818866
2022-08-11,2022-08-12,16.153148449693532,16.683319596878075,15.4591,15.567,99511903.19702603,327067402.54026484
2022-08-10,2022-08-11,15.569842976971536,16.7632,14.924559053728622,16.09492704808044,176886876.66666666,318006974.14149797
2022-08-09,2022-08-10,16.7147,16.7298,15.454636248159446,15.601257998564034,174128335.7986111,325301378.3141119
2022-08-08,2022-08-09,16.85964394829493,17.4024,16.4983,16.6893,119446591.77543859,344205910.737321
2022-08-07,2022-08-08,16.8999,17.194026803975007,16.48,16.82466383792115,132764941,343178762.9412496
2022-08-06,2022-08-07,17.210144750491068,17.997642585076143,16.7828,16.9375,255745220.66666666,349877639.3498757
2022-08-05,2022-08-06,15.858279698788472,17.7791,15.55126710203273,17.0676167348098,273488729.3888889,341235191.5813625
2022-08-04,2022-08-05,16.45652763298823,17.267148498700017,15.495,15.92732658254744,401338795.2222222,328121815.48653954
2022-08-03,2022-08-04,14.964964932189314,16.6489,14.4522,16.3711,351954521.9790941,319782459.8166087
2022-08-02,2022-08-03,14.17351041142576,15.293568101255143,13.310179366601542,15.032975901377045,190402737.44444445,288619494.6785944
2022-08-01,2022-08-02,14.3215,15.094,13.70677854406328,14.14711896149673,159936289.2777778,291186573.5901765
2022-07-31,2022-08-01,14.697003360204286,15.289504201319014,14.1732,14.3532,163249141.80555555,300313996.091862
2022-07-30,2022-07-31,14.6661,15.7732,14.4391,14.704118984312052,219239429.83333334,305156983.7243075
2022-07-29,2022-07-30,15.117189096215892,15.905601811840306,14.3761,14.6788,312361880.3333333,304608969.7119825
2022-07-28,2022-07-29,15.467465305181497,16.3,14.388291542784737,15.176472572359035,475428268.1111111,306754521.86478543
2022-07-27,2022-07-28,12.78280056882939,15.7102544095952,12.5403,15.501315764974676,299321665.5052265,274681229.6203162
2022-07-26,2022-07-27,12.5152,12.72799602375479,11.529660550703753,12.72310137146852,287187607.0801394,242668731.9706069
2022-07-25,2022-07-26,13.155886646290476,13.355081100900446,12.3363,12.5591,287760095.7777778,261196860.2512375
2022-07-24,2022-07-25,12.736599836697753,13.4441,12.5159,13.19907446564415,233269205.5749129,261762931.08827943
2022-07-23,2022-07-24,12.1916,12.897941308828994,11.934350104604327,12.806031605817514,221457546.62937063,252856757.56528756
2022-07-22,2022-07-23,12.9909,13.371363991500532,12.048246716922554,12.2289,506071413.5749129,258422675.342122
2022-07-21,2022-07-22,11.2993,13.463066163022372,11.063191715862988,12.9644,504025625.6111111,249834734.6067719
2022-07-20,2022-07-21,10.9575,11.856292960469975,10.5901,11.2827,203698920.64111498,229115352.8313271
2022-07-19,2022-07-20,11.45727147849558,11.45727147849558,10.527,10.9601,235393856.55555555,222183368.49281597
2022-07-18,2022-07-19,9.339695052975667,11.6473,9.335713332318669,11.391864682982783,196464285.34035087,216646543.5555537
2022-07-17,2022-07-18,9.707210319360444,9.856483909833534,9.303821913483466,9.378220642430536,89082709.09505704,193549417.01151437
2022-07-16,2022-07-17,9.1856816156207,9.860278079686918,9.031703012018742,9.728611812069678,65455402.661290325,188820541.01021105
2022-07-15,2022-07-16,9.169013557310423,9.421910228461984,9.051331294385516,9.1856816156207,80270250.94214876,187385613.4465268
2022-07-14,2022-07-15,8.861680266309195,9.27487938616615,8.454984637680866,9.188179878206524,86734224.0661157,179169339.64628074
2022-07-13,2022-07-14,8.28406171289011,8.85677597097269,8.15708365857099,8.842779722578246,75626525.89473684,172802754.88335976
2022-07-12,2022-07-13,8.528335796208237,8.687282345222345,8.28406171289011,8.28406171289011,82130576.125,172223761.85384622
2022-07-11,2022-07-12,9.38885008482172,9.38885008482172,8.480400888046045,8.528335796208237,70519929.38345864,184282693.6809759
2022-07-10,2022-07-11,10.0917,10.0917,9.305438835088944,9.38885008482172,61495249.7092511,195207946.4623421
2022-07-09,2022-07-10,10.07139739565736,10.3222,10.0106,10.0509,80782163.43103448,206023626.0449785
2022-07-08,2022-07-09,10.446678492658432,10.59121561536232,9.915954454290858,10.167603053454789,121144575.16376306,206979124.39532286
2022-07-07,2022-07-08,10.25331340130712,10.593482298931406,10.04665174496999,10.462513013557423,165537369.6111111,207992260.01605135
2022-07-06,2022-07-07,9.308309312446864,10.3743,9.0642417562156,10.259946344215734,122661198.60363637,195937740.88523883
2022-07-05,2022-07-06,9.787818234866876,9.787818234866876,9.034872690827775,9.318471575870454,139873131.02097902,190661801.5743292
2022-07-04,2022-07-05,9.019298412775456,9.877674754609211,8.767689924229963,9.818255599654458,124904512.71014492,186977463.26673788
2022-07-03,2022-07-04,8.50505520193758,8.935563472156161,8.373374408205168,8.935563472156161,45369080.52542373,172026128.44325683
2022-07-02,2022-07-03,8.385803824443856,8.628320775077777,8.21722157412662,8.50505520193758,59476552.825726144,170563480.23657832
2022-07-01,2022-07-02,8.58526617079281,8.782269409818564,8.243051430324176,8.41125167668253,85505643.82879378,171521540.37799016
2022-06-30,2022-07-01,8.802381444307594,8.845288500617967,8.03166673939553,8.617616956701141,69888247.75097276,169963797.89799687
2022-06-29,2022-06-30,8.79228431852947,8.986672110483457,8.647022931753694,8.76073463144314,77688920.98876405,178524316.62588093
2022-06-28,2022-06-29,9.295905550937375,9.612383021121428,8.734922816934338,8.79228431852947,70962860.42352942,187043513.0292162
2022-06-27,2022-06-28,9.307785024996823,9.779761107119237,9.17284411326714,9.295478825211582,80750730.09448819,191777236.00491676
2022-06-26,2022-06-27,9.839329706628591,10.248960346172783,9.345003410319562,9.345948782294002,95957238.91729324,197657067.0036977
2022-06-25,2022-06-26,9.89202586327404,10.3251,9.373671572223168,9.803526939636136,139858197.7222222,198695989.16708454
2022-06-24,2022-06-25,9.215952453343537,10.20205089879304,9.184356638057327,10.042409878106676,122855598.75,195172919.17007315
2022-06-23,2022-06-24,8.482530674974287,9.302952756287407,8.482530674974287,9.234589992152545,104354947.63120568,181872472.45162246
2022-06-22,2022-06-23,9.048077731250896,9.169572281135396,8.484855551335336,8.501271079258093,119749726.20979021,179450782.3976109
2022-06-21,2022-06-22,8.98041599375896,9.706107702885818,8.87678593752545,9.032336510761525,133991959.85454546,187653488.34116647
2022-06-20,2022-06-21,8.908665905232722,9.276634692901329,8.470530952271934,9.049995192531844,149541643.19444445,179486758.9568917
2022-06-19,2022-06-20,8.948207408834604,9.073209855630596,8.099696604490871,8.89934297703419,222737397.33333334,172893918.0272426
2022-06-18,2022-06-19,8.231646934743708,8.982214103453257,7.520231339160546,8.982214103453257,113996892.74285714,163692575.94013157
2022-06-17,2022-06-18,7.984767729232287,8.468687668660685,7.947318249171224,8.25155688311418,138632207.41666666,166741578.68658388
2022-06-16,2022-06-17,9.314712982832283,9.512241433309404,7.827356398720247,7.993070566281046,231033930.64808363,171269995.34653878
2022-06-15,2022-06-16,8.256326018345971,9.532682897156311,7.511979901303865,9.263117782669813,225748684.2777778,167813148.64699936
2022-06-14,2022-06-15,8.032821853194873,8.703650198714838,7.384530685099629,8.2970830800481,257045908.88421053,164852446.68613538
2022-06-13,2022-06-14,8.453709352398151,8.688067056776335,7.44287153747939,7.947104159105653,245907352.72727272,161333035.89405242
2022-06-12,2022-06-13,9.180355831712465,9.42293911112525,8.329894984520319,8.521710111933368,205990345.1111111,179269007.55294126
2022-06-11,2022-06-12,10.389357719869553,10.7759,9.0627075149326,9.153692619416688,162441754.6111111,202399100.7018634
2022-06-10,2022-06-11,11.51041642562964,11.82341829854676,10.393845322264816,10.393845322264816,142110920.6388889,225545503.8452335
2022-06-09,2022-06-10,11.388665713336698,12.0582722841163,11.3017,11.502608048828346,117769122.13333334,235637464.34434968
2022-06-08,2022-06-09,11.9295,12.440193438008626,11.39095271420385,11.394130193718588,190597131.6056338,237085089.55786246
2022-06-07,2022-06-08,12.2204,12.4139,11.0734,11.9432,234561038.2777778,233192988.61028963
2022-06-06,2022-06-07,11.0342,12.86,10.995,12.119215242942897,212566715.73519164,246811872.22546625
2022-06-05,2022-06-06,10.97775726721698,11.3075,10.701416574450354,11.0342,74495365.77946769,220882853.8507668
2022-06-04,2022-06-05,10.807264945060917,11.087705041148752,10.477,10.9557,106369702.86131386,219039843.5351461
2022-06-03,2022-06-04,11.30377559819757,11.30377559819757,10.486848658011318,10.821106626013329,134048474.1111111,219753766.70392588
2022-06-02,2022-06-03,10.648608445633434,11.431440947049714,10.3727,11.335824794478544,183021646.2222222,219825402.93752864
2022-06-01,2022-06-02,11.848128057806194,12.188794718128577,10.477223780359251,10.675081834585628,213810802.077193,230667436.20156923
2022-05-31,2022-06-01,12.5706,13.223101978487126,11.418561193840825,11.963953821392591,299564086.8888889,247291535.2966449
2022-05-30,2022-05-31,10.1812,12.8055,10.016325471090628,12.617,216651175.3006993,237113763.55141234
2022-05-29,2022-05-30,10.199347167398535,10.341836709028025,9.77308357693701,10.1354,119562240.91666667,203595705.53585282
2022-05-28,2022-05-29,9.695857264041353,10.300986711730136,9.54652423476999,10.231959915796285,199605822,202843231.56315616
2022-05-27,2022-05-28,10.3951,10.547804163349058,9.519388792400925,9.676800794078844,306302735.9444444,202746875.54456794
2022-05-26,2022-05-27,12.283,12.7125,10.08231286728214,10.49752807973604,309668631.4444444,228348924.26776585
2022-05-25,2022-05-26,12.3861,12.9521,11.9512,12.25191084546135,313177653.3333333,250804814.58162716
2022-05-24,2022-05-25,12.695691873002245,12.9684268564152,11.53144300377677,12.3702,330404359,248168372.1649896
2022-05-23,2022-05-24,12.620380013079728,13.94665458841901,12.138699914914069,12.687010441419268,285591124.5714286,264062749.25194663
2022-05-22,2022-05-23,12.789649900275164,13.056585916326382,12.04469173253459,12.654058431372402,297429210.2222222,252909904.14943308
2022-05-21,2022-05-22,13.020942664431423,13.53581508198524,12.390148923383611,12.886266107053268,520825658.4444444,261327021.83234617
2022-05-20,2022-05-21,12.579781158231937,13.59493380542718,11.904989899111454,13.106905434092177,501276087,260778897.02729368
2022-05-19,2022-05-20,10.4574,12.714001576590334,10.1263,12.621984250793211,376084680.72727275,226488498.6249223
2022-05-18,2022-05-19,12.484457634406384,12.723233822215628,10.5022,10.5171,526859850.0348432,238898020.48525372
2022-05-17,2022-05-18,10.580830928504591,12.898692406217062,10.5256,12.422291505651655,409945533,229422116.0664163
2022-05-16,2022-05-17,10.318456606935271,10.8101,8.864507756651308,10.569333599141526,196235087.2777778,196529074.45601445
2022-05-15,2022-05-16,9.603106065089763,10.306320739550408,8.912112813537433,10.306320739550408,154939302.7777778,189174603.23049724
2022-05-14,2022-05-15,9.761348427691452,10.639948826704538,8.55696022858187,9.689394135790378,222128610.7222222,190249470.55427936
2022-05-13,2022-05-14,8.585562998032506,10.848945122110068,8.436665330505585,9.69953792047243,326257090.6666667,201997601.8339307
2022-05-12,2022-05-13,9.39926379648848,10.3359,7.327639863883623,8.626781887390257,433943599,172317714.0411043
2022-05-11,2022-05-12,14.0998,14.6746,8.793797234354537,9.319065097639715,521099266.22996515,235579296.4400833
2022-05-10,2022-05-11,13.35827514734223,16.03517934590045,13.003661920334672,14.1052,661904662,297244040.83139396
2022-05-09,2022-05-10,17.006794115836144,17.4892,13.421685131531254,13.683230486983328,464875583.5492958,307510558.01395553
2022-05-08,2022-05-09,18.2888,19.23272793593005,16.8274,16.846401210747487,601370671.4444444,363861746.00888896
2022-05-07,2022-05-08,18.3809,19.732161234163723,17.487247212269104,18.3196,556101244.2222222,377429390.9857671
2022-05-06,2022-05-07,18.9727,19.38485520337902,17.182659173939243,18.4214,744904634.3333334,368710156.2501031
2022-05-05,2022-05-06,22.1652,24.773708611806395,18.4418727875932,19.0419,1090476326.132404,440825067.70266795
2022-05-04,2022-05-05,21.99555635445347,23.00935975749901,20.119699579670115,22.44577794832859,1070451853.7142857,434436260.2442152
2022-05-03,2022-05-04,25.972813753414773,26.1207,21.86274559748455,21.994135157041928,1689488413.3333333,494611131.6144416
2022-05-02,2022-05-03,24.3395,26.5926,22.58051031254059,26.10973974207121,1632505339.057915,491932784.4525257
2022-05-01,2022-05-02,20.49049563633741,24.6481,18.73928834481511,24.3704,1583107383.5125449,415469091.05167687
2022-04-30,2022-05-01,16.293562487244248,22.762592049736185,16.293562487244248,20.640994705015306,687354248.5555556,385407414.3332326
2022-04-29,2022-04-30,18.7129,19.445529516756118,16.099100010252002,16.225172903653178,503397447.1111111,355960767.4789862
2022-04-28,2022-04-29,18.5892,20.419563209868343,17.83658473252991,18.8622,823222920.2797203,387564221.4347354
2022-04-27,2022-04-28,14.3435,19.1026,14.336505462225478,18.62282012429723,321047336.9444444,342036716.8385327
2022-04-26,2022-04-27,15.7047399440669,16.59995766415973,14.114593010168395,14.252707040580017,188034158.44444445,315320561.3339234
2022-04-25,2022-04-26,15.329090616275847,15.8381,14.4406183886924,15.71039994769003,252263937.0034843,306153289.8629521
2022-04-24,2022-04-25,13.9775,15.38374197346763,13.9287,15.335446128275024,48955854.26923077,290114392.52843577
2022-04-23,2022-04-24,14.212,14.2826,13.8311,13.9771,53591714.072,284541772.86378044
2022-04-22,2022-04-23,14.5302,15.109,14.0849,14.2491,99291683.0107527,295365717.2035804
2022-04-21,2022-04-22,14.628394935353525,15.6476,14.197,14.5302,93961595.12915128,303810939.58746344
2022-04-20,2022-04-21,14.9349,15.9991,14.3368,14.637897063208555,72412998.21538462,302517895.63329196
2022-04-19,2022-04-20,14.2736,14.9358,14.1965,14.9043,46645928.55,293237055.324672
2022-04-18,2022-04-19,13.7159,14.296,13.1089,14.2949,49715980.97397769,277849543.3217214
2022-04-17,2022-04-18,14.311,14.7201,13.6755,13.7335,33806155.34199134,290168581.0421188
2022-04-16,2022-04-17,14.2689,14.4518,13.9958,14.3226,28683098.090534978,288662794.0043102
2022-04-15,2022-04-16,13.9969,14.3614,13.8334,14.2976,38353048.38211382,286775037.3527207
2022-04-14,2022-04-15,14.5615,14.8522,13.8281,13.9969,46723705.78688525,290807061.84193605
2022-04-13,2022-04-14,14.2842,14.666,13.8674,14.5615,52240981.49787234,290876932.9709475
2022-04-12,2022-04-13,13.7438,14.7398,13.7326520387447,14.317373917941566,69022284.16363636,287783881.1369295
2022-04-11,2022-04-12,15.1369,15.4532,13.6059,13.7161,67324830.61538461,293611396.17458075
2022-04-10,2022-04-11,15.6167,15.6167,15.6167,15.6167,43648220,316157936.3954
2022-04-09,2022-04-10,15.1311,15.6898,15.0011,15.6167,67421730.07003891,311515054.8430526
2022-04-08,2022-04-09,16.5904,16.8571,14.9706,15.1047,69953054.88122605,326346568.7059294
2022-04-07,2022-04-08,16.18746322627352,16.9151,15.822491354939002,16.6256,107407472.40433213,333523644.51823366
2022-04-06,2022-04-07,18.850590182478665,18.872151156556125,16.133650536916146,16.133650536916146,128851782.46689895,355675989.5876433
2022-04-05,2022-04-06,19.84974151920076,20.611569438716284,18.83540347742284,18.83540347742284,118386921.72222222,400148894.2851673
2022-04-04,2022-04-05,20.99004935009501,20.99004935009501,18.779815346426453,19.850305812877924,210447061.44444445,400590898.47275877
2022-04-03,2022-04-04,18.567608287009094,21.26773335470299,18.16143961209881,21.078211715053985,140209273.31929824,398031181.41953135
2022-04-02,2022-04-03,18.4187,20.15509960210088,18.2788,18.59825976297356,117245158.72222222,390254864.5701544
2022-04-01,2022-04-02,18.04927145794613,18.85600786997827,16.921204814237466,18.419057201722,173960651.6794425,365874275.5273535
2022-03-31,2022-04-01,19.26738191398172,20.81491085715472,17.84071705555169,17.993672105900053,161907209.67247388,392798740.1706837
2022-03-30,2022-03-31,19.200401462938306,20.3867,18.614205475314574,19.32450019389881,185234775.05555555,390810133.64325213
2022-03-29,2022-03-30,18.651826707533854,20.44182550967235,18.651826707533854,19.223782024911465,179619466.6111111,394556230.75582415
2022-03-28,2022-03-29,18.4152279306318,20.401101430026426,18.2563,18.45250444416713,177748354.16666666,389995716.2945607
2022-03-27,2022-03-28,17.3712,18.432421454260265,16.8818,18.343632559988684,68663843.20634921,353627810.52632296
2022-03-26,2022-03-27,17.561081454617632,17.8094,17.1183,17.3712,76107173.01754385,353232858.1562051
2022-03-25,2022-03-26,18.156312475603936,18.65968349825184,17.27590876688173,17.56685302411147,117634595.47222222,364528086.4902384
2022-03-24,2022-03-25,18.15481433846896,18.520976506045105,17.335491071690324,18.145624386605157,172588477.4722222,364772612.2015762
2022-03-23,2022-03-24,17.594376538900494,18.75442833799676,17.09802901895686,18.213479004432013,276735784.8641115,363748095.7936715
2022-03-22,2022-03-23,15.83691618305911,18.237608827333148,15.655262849719016,17.47663903403845,142562019.3074205,343081217.25705725
2022-03-21,2022-03-22,15.853060038510334,16.97940168212667,15.573891554319012,15.824905530449632,141211053.58333334,325288087.5491385
2022-03-20,2022-03-21,16.456795566711595,16.567818363571647,15.430401489887103,15.912659079375471,170958972.75,324395063.8621311
2022-03-19,2022-03-20,14.968302665563716,17.243400505836888,14.968302665563716,16.426074903875378,185150904.16666666,329266893.06444037
2022-03-18,2022-03-19,15.033300636616392,16.069462374214996,14.271286920233328,14.969080631457546,166461782.16666666,301597440.610515
2022-03-17,2022-03-18,14.4867,16.36861560101262,14.1955,14.98719272861585,201861538.66666666,307751079.2961326
2022-03-16,2022-03-17,13.3574,14.6063,13.1576,14.4867,55461161.52713178,276577376.65663123
2022-03-15,2022-03-16,13.528,13.5687,12.8548,13.3299,51839739.072,267581998.21947432
2022-03-14,2022-03-15,12.729652008313664,13.5674,12.6061,13.507,56233051.33858268,266022873.60239613
2022-03-13,2022-03-14,13.5729,13.9344,12.7001,12.726072589815914,44358574.222222224,274672991.52887374
2022-03-12,2022-03-13,13.724459546991987,14.1782,13.5819,13.6016,54786439.93442623,281440023.15595067
2022-03-11,2022-03-12,14.002514625772648,14.3607,13.559693627226906,13.7523,95324811.18796992,280920377.1667681
2022-03-10,2022-03-11,14.723827884335556,16.0234,13.75990063580794,14.027887846391666,168866503.19444445,289131742.1581519
2022-03-09,2022-03-10,13.8548,14.984100383365746,13.8548,14.688756215913758,106260158.40559441,294131642.8117885
2022-03-08,2022-03-09,13.70837367083541,14.4363,13.633252377745748,13.7929,120090695.35211268,283199549.75011885
2022-03-07,2022-03-08,14.021490531671237,14.51143764811027,13.21444224740942,13.732393973302184,167929159.44444445,278651358.9506725
2022-03-06,2022-03-07,14.9082,16.3067357923528,13.94,14.035543539717398,249946474.5,302792946.49014455
2022-03-05,2022-03-06,15.294290883156652,15.646,14.307303390268167,14.902574433783474,458662870.82437277,303051504.07960707
2022-03-04,2022-03-05,14.3068,17.4942107638915,13.4166,15.353622957051536,234101255.8700361,306059868.1621656
2022-03-03,2022-03-04,15.1471,15.5208,14.0056,14.3068,71866847.02290076,298418726.6919284
2022-03-02,2022-03-03,15.2211,15.7817,14.754003094677852,15.1471,80740855.82879378,307300166.3666446
2022-03-01,2022-03-02,15.3939,15.5056,14.644,15.211,84722189.80740741,306017671.3185138
2022-02-28,2022-03-01,13.238,15.4672,13.0856,15.3222,56928535.49809886,278237760.66195077
2022-02-27,2022-02-28,14.0632,14.322,13.023396231101165,13.238,59611275.350553505,277076370.54777443
2022-02-26,2022-02-27,14.8847,15.1259,13.9985,14.0597,69251180.86821705,293033559.41083413
2022-02-25,2022-02-26,13.747713729137567,14.8299,13.3913,14.8299,92041095.8095238,281756498.3596654
2022-02-24,2022-02-25,14.2218,14.3012,12.0302,13.715728263154972,99288975.69014084,262324200.7817011
2022-02-23,2022-02-24,14.7812,15.4639,14.2138,14.2764,74849438.92720306,299640041.8872957
2022-02-22,2022-02-23,13.9348,14.8466,13.334703374090749,14.8144,101992598.8409894,284917180.9653363
2022-02-21,2022-02-22,15.23801830136029,16.3258,13.8849,13.9981,77053028.68363637,311429666.60742193
2022-02-20,2022-02-21,16.0691,16.135,14.821,15.2638,89764982.7601476,310700604.1577514
2022-02-19,2022-02-20,15.815,16.7527,15.2944,16.0691,72033628.45849803,322304274.26662946
2022-02-18,2022-02-19,15.7995,16.2904,15.4188,15.759775938989677,83983146.32156862,321782036.4892997
2022-02-17,2022-02-18,17.6319,17.902,15.6938,15.7555,84663363.05791506,340960886.7694745
2022-02-16,2022-02-17,18.4048,18.5495,17.2407,17.7128,72854140.46031746,362180948.9742374
2022-02-15,2022-02-16,17.0413,18.4611,16.97538108438206,18.4196,72376955.408,363713649.32459027
2022-02-14,2022-02-15,16.8133,17.1455,16.1742,17.0413,65873027.437751,337118735.69442356
2022-02-13,2022-02-14,17.0236,17.7807,16.646,16.9095,73811993.8125,347694851.3594408
2022-02-12,2022-02-13,17.2346,17.6269,16.4595,16.9793,86316757.94552529,346201569.1634757
2022-02-11,2022-02-12,18.959299061144296,19.173801532882894,16.8087,17.1896,119265579.40845071,375590587.9757282
2022-02-10,2022-02-11,21.266,21.3036,18.99415528691655,18.99415528691655,118862251.25,411215415.6783133
2022-02-09,2022-02-10,20.101511254861848,21.37194622243265,19.48037120822536,21.1357,143709013.05555555,413148387.15703607
2022-02-08,2022-02-09,21.78550638835368,23.414203349803536,19.300076581384378,20.11825955303461,183905996.1111111,424159448.6015997
2022-02-07,2022-02-08,20.855387012277017,22.6135,19.8334,21.842057990460688,144631811.44444445,427451450.1594803
2022-02-06,2022-02-07,20.1092,20.8686,19.3297,20.771642287790456,106541791.83216783,405754318.3370506
2022-02-05,2022-02-06,20.628793018244597,21.93473898581144,19.880933732665515,20.0937,115565440.5,422026392.7032926
2022-02-04,2022-02-05,18.3665,20.7557,18.093362882750537,20.6177,75918004.30278884,385530095.35850084
2022-02-03,2022-02-04,18.0149,18.3824,17.3869,18.2586,75663865.92592593,361802906.5866243
2022-02-02,2022-02-03,19.3879,19.5865,17.853669686447365,17.9565,87479705.78823529,382812471.7609987
2022-02-01,2022-02-02,20.21822638141081,21.057599800701457,19.3285417445738,19.3965,124631680.25,406975787.9482388
2022-01-31,2022-02-01,19.0598,20.972047801861077,17.6666372079074,20.18288376658884,133366979.64412811,383515497.81429476
2022-01-30,2022-01-31,20.02908669409296,20.5781,18.730247176706808,19.0863,249266194.8888889,397394060.2316711
2022-01-29,2022-01-30,17.8678,20.7858,17.8678,19.9958,192892785.66666666,386530890.75612295
2022-01-28,2022-01-29,16.7365,18.0331,16.1117,17.8828,84815999.87142856,349338524.1096295
2022-01-27,2022-01-28,16.99583316535996,17.3538,15.839,16.771,109944060.19858156,336780136.7246497
2022-01-26,2022-01-27,16.5772,19.3342,16.3747,17.018274844534638,134382910.4483986,357873035.7925719
2022-01-25,2022-01-26,16.3944,16.9355,15.7566,16.560423969240425,86961192.10332103,329618145.39838964
2022-01-24,2022-01-25,17.1021,17.1021,14.4897,16.3927,81962192.4697509,319217633.39153904
2022-01-23,2022-01-24,16.00655002124384,17.391493626248277,15.8428,17.1021,104472697.57746479,335859379.18212897
2022-01-22,2022-01-23,17.8843,18.334349994281283,15.1737,15.980437309829432,143459680.67132866,335549313.0634754
2022-01-21,2022-01-22,21.1162575268603,21.526802789191947,17.3932,17.7792,132165889.97222222,404763301.14889944
2022-01-20,2022-01-21,22.16320214276997,24.3962269536776,21.08981165275046,21.08981165275046,106506455.46853147,463633516.83899087
2022-01-19,2022-01-20,23.3345,23.38514021894702,21.368367825734097,22.12053209955564,116560080.22299652,455761161.9472853
2022-01-18,2022-01-19,24.3393082884436,24.605,22.4548,23.3014,118622014.80555555,476066036.1403892
2022-01-17,2022-01-18,27.6069239744614,27.80459631517366,23.97430507225773,24.329952227082003,134463015.6111111,521350770.3351123
2022-01-16,2022-01-17,26.676757369238636,28.200851205564003,25.8305,27.595121671627197,104970181.54512635,540227922.5418506
2022-01-15,2022-01-16,26.27390519454017,27.6973,26.13584065860259,26.65520027698324,104958010.48763251,543106069.7678002
2022-01-14,2022-01-15,25.6533,26.583698121264355,24.9757,26.27779446392358,107767180.55555555,524021893.2167795
2022-01-13,2022-01-14,27.9295,28.20497543679078,25.7125,25.7125,108439831.5,548116062.3100884
2022-01-12,2022-01-13,26.7383,28.6731,26.311296583162363,27.9398,105746886.36619718,556051800.9410777
2022-01-11,2022-01-12,25.4287,26.9822,25.161054740311894,26.6638,132235855.24738675,529926306.83369964
2022-01-10,2022-01-11,27.98948050490729,28.7094,24.712417155553105,25.4327,115896484.68571429,539801097.708068
2022-01-09,2022-01-10,27.74547154440163,29.374836395709774,27.0013,28.037402832977943,151282094.2222222,570637293.7095462
2022-01-08,2022-01-09,29.9898,30.770650946777405,26.5528,27.796176934894923,143497792.8611111,588631841.3950111
2022-01-07,2022-01-08,33.151863492876814,33.151863492876814,28.4869,29.9825,172034344.2222222,613789195.338543
2022-01-06,2022-01-07,33.764,34.4355,31.7037,33.10502711974018,222514761.7777778,669780292.4408259
2022-01-05,2022-01-06,38.70230968059532,39.7756,31.6524,34.0162,143125437.66666666,779129997.4372644
2022-01-04,2022-01-05,39.278,41.56023745725082,38.54012539999005,38.6833749628614,107467410.56603773,799482178.2199446
2022-01-03,2022-01-04,41.0946,41.0946,38.5562,39.278,101507105.97080292,802949166.9859595
2022-01-02,2022-01-03,40.1313,41.5789,39.5992,41.0851,90076845.11372548,818622732.0274739
2022-01-01,2022-01-02,38.96342101866081,40.3111,38.77,39.9489,103397010.4962406,801957676.8510886
2021-12-31,2022-01-01,39.0859,41.5927,38.18513329713153,39.13836605464829,121258638.19444445,807444010.3438282
2021-12-30,2021-12-31,38.54216629703944,40.88980290379206,38.06414383314892,39.0038,119040159.1111111,796614967.7352365
2021-12-29,2021-12-30,39.7272,40.77472583992521,37.96639212670765,38.34531311786071,143561293.94444445,796321988.7076898
2021-12-28,2021-12-29,44.41658578217293,44.41658578217293,39.11395022736565,40.0183,173960886.3888889,844294698.7916797
2021-12-27,2021-12-28,45.72484304170624,48.024,44.28829300346675,44.28829300346675,122256687.44444445,933770202.4327606
2021-12-26,2021-12-27,46.45051284950073,46.7641,44.0929,45.70880218461041,125737231.83333333,921432388.4114405
2021-12-25,2021-12-26,45.6445,48.044573272510206,44.9581,46.4877460553623,128705755.3888889,934237775.4262127
2021-12-24,2021-12-25,49.57546359694538,49.57546359694538,44.93376563668777,45.5789,185597206.1111111,959185290.4959681
2021-12-23,2021-12-24,45.3795,49.72647648006849,42.86843129413923,49.72647648006849,208954364.5,929928560.5410113
2021-12-22,2021-12-23,40.9974,45.66337870184866,40.8273,45.096804656512894,136031405.48409894,882273442.0859312
2021-12-21,2021-12-22,40.46961944184551,42.0577,39.7744280567971,41.0839,116438104.30985916,831219484.4420029
2021-12-20,2021-12-21,40.8415,41.44898719652435,37.6338,40.63523689740906,94345716.78160919,804186352.322526
2021-12-19,2021-12-20,42.6405,43.5311,40.7709,40.8415,80330354.98245615,848378662.7763646
2021-12-18,2021-12-19,42.138473199152905,43.685374931821656,40.7395,42.6405,130673344.05734767,860153070.6487662
2021-12-17,2021-12-18,44.4161,46.5044,40.367915359848624,42.31251723765041,218043208.1111111,873864559.1994662
2021-12-16,2021-12-17,42.4349,47.6953856097449,42.3989,44.3833,219610831.6111111,908270466.4926353
2021-12-15,2021-12-16,39.82618228756389,43.916830718284274,37.3994,42.3929,143915136.1111111,818021992.2980207
2021-12-14,2021-12-15,40.0327,41.61662960541639,37.92779501377144,39.75175883338279,134376051.87456447,810959348.3010199
2021-12-13,2021-12-14,47.03617202915049,47.03617202915049,39.5992,40.0583,123244479.0106007,869094654.5633234
2021-12-12,2021-12-13,47.396345327593295,47.46947488152596,44.33341351958428,47.038096935073234,179989897.1111111,932035426.6197755
2021-12-11,2021-12-12,42.5863,48.95032985145522,41.6869,47.456201357811885,130010408.77777778,901555502.4586626
2021-12-10,2021-12-11,45.0121654601915,46.56670218288353,42.6903,42.6903,114628577.61672474,908580603.6787238
2021-12-09,2021-12-10,49.40699163929402,50.33917417351519,44.8988,45.13098196791427,120939543.05555555,964855663.0193923
2021-12-08,2021-12-09,50.71330811647982,52.20948494779045,47.6127,49.37388840564462,154110580.33333334,1013721254.1062303
2021-12-07,2021-12-08,51.32627469230923,53.9403,49.1449,50.61899274801697,190978606.5,1027463597.3530821
2021-12-06,2021-12-07,49.3992,50.77239722365033,42.7557,50.77239722365033,227042109.66666666,946955618.666454
2021-12-05,2021-12-06,51.17191881115246,54.441962622631976,46.0004,49.1974,248071963.5,1010222099.51631
2021-12-04,2021-12-05,54.1104,54.6724,40.7399,51.19792295211704,321045977.1666667,980355383.2216225
2021-12-03,2021-12-04,61.62953223420758,63.03727839181432,51.40048453141714,54.5908,197312620.1111111,1177699040.904865
2021-12-02,2021-12-03,64.9114,64.9114,59.11949356694038,61.28239658946167,252724670.66666666,1241781992.0871372
2021-12-01,2021-12-02,70.06313037012012,74.4048729877697,63.41919951454473,65.0813,309425983.2222222,1375363208.7803876
2021-11-30,2021-12-01,70.35159260915557,77.4667,66.3657,70.11718440980096,314213377.6666667,1429968771.8469622
2021-11-29,2021-11-30,75.8232797579422,82.51797672703304,70.2121146382265,71.02557737345582,422070412.5555556,1518015720.4021387
2021-11-28,2021-11-29,73.08646624440787,75.91553871692837,65.63666874627849,75.10441117037806,546439967.7777778,1444234686.0193415
2021-11-27,2021-11-28,59.20839539870866,83.08222496798128,59.20839539870866,71.79052080348364,689411390.8888888,1514137189.3257875
2021-11-26,2021-11-27,68.13298568683224,75.4833717188652,56.76482132918242,59.23624367526946,713016021.1111112,1298792561.2603855
2021-11-25,2021-11-26,48.9683,71.9142,48.6337,67.98964510262549,432734514.7222222,1237096934.6837807
2021-11-24,2021-11-25,50.40953133960402,50.89589818913392,46.2010058383424,48.6045,235170756.2222222,970147427.9263797
2021-11-23,2021-11-24,41.08434731671542,52.46794725227238,40.6196,49.84094584089595,221126747.55555555,931165951.6177348
2021-11-22,2021-11-23,42.09784560043447,45.5653,40.252,41.1145,171889001.25874126,855377678.6653793
2021-11-21,2021-11-22,46.7610678182884,46.7610678182884,41.55109894714409,42.4216828833109,99423733.78277154,890018126.9061683
2021-11-20,2021-11-21,47.75845189301965,49.08303556207844,44.76198214719885,46.96255350572635,168476350.1388889,898960368.9846587
2021-11-19,2021-11-20,41.20290377185093,50.7355,38.794373727240384,47.61794564930721,224621298.94444445,663979499.7268593
2021-11-18,2021-11-19,48.0643,50.871840383370646,40.4269,40.8958,192382661.66666666,661796979.4360563
2021-11-17,2021-11-18,48.21369152097048,50.177,45.77833456049245,48.0244,228629400.94444445,702936003.9389282
2021-11-16,2021-11-17,56.0079,56.0079,48.43360084538352,48.6812,307269666.3333333,757244634.7942921
2021-11-15,2021-11-16,56.06299288295262,58.83794125375272,50.194772109215066,56.58179008760463,201723819.35664335,798926975.1432478
2021-11-14,2021-11-15,55.5185,62.016,53.53524450878392,55.855997357743306,263639175.08013937,838575703.3686591
2021-11-13,2021-11-14,54.63780184928702,62.43865495832672,48.481108654892346,55.51501267027668,275292843.09407663,790900830.7602404
2021-11-12,2021-11-13,55.39007907943806,64.1555,51.86693561078773,54.49306784258355,567976899.4444444,813974619.2152078
2021-11-11,2021-11-12,75.14423250850608,83.40418083691613,55.36635925219368,55.36635925219368,1215572086.7884374,1030522041.6948901
2021-11-10,2021-11-11,43.4741254818642,81.56187397422732,39.846855029128484,75.05203925254129,902627125.6675359,937569335.7681249
2021-11-09,2021-11-10,39.31319634494115,53.56323082468445,27.454923877154084,43.4741254818642,281054899.72640854,440865175.8143423